ID,MTO_PIA
1,7417
2,3954
3,4204
4,4204
5,1262
6,7500
7,3870
8,1346
9,929
10,7417
11,7333
12,7583
13,1512
14,4120
15,373
16,1140
17,4287
18,3870
19,1096
20,3875
21,4103
22,7583
23,4037
24,1346
25,4453
26,4787
27,9801
28,3787
29,7750
30,7750
31,4620
32,4103
33,1346
34,1346
35,4559
36,4037
37,4037
38,3870
39,3870
40,1056
41,4537
42,1512
43,1512
44,1429
45,4204
46,1596
47,3875
48,1346
49,7583
50,7583
51,4120
52,373
53,3954
54,846
55,1262
56,1262
57,4620
58,4103
59,1179
60,929
61,-13923
62,9345
63,4453
64,9573
65,4103
66,3954
67,7417
68,7667
69,929
70,7667
71,4453
72,1096
73,289
74,9801
75,1096
76,7750
77,4037
78,4331
79,4331
80,0
81,929
82,1179
83,1346
84,289
85,0
86,3875
87,1056
88,7250
89,4787
90,1179
91,1596
92,1512
93,4120
94,1429
95,4287
96,4287
97,4620
98,1512
99,3954
100,846
101,846
102,9801
103,1012
104,373
105,7417
106,4204
107,3875
108,1346
109,4787
110,9801
111,7500
112,1346
113,1179
114,-17838
115,7583
116,3787
117,7750
118,4620
119,7750
120,1140
121,4331
122,1056
123,4620
124,4620
125,4103
126,3954
127,3870
128,1096
129,1096
130,4620
131,4103
132,1346
133,4453
134,1179
135,7250
136,1012
137,456
138,3954
139,7500
140,3870
141,1056
142,7333
143,4559
144,9801
145,9345
146,4453
147,-16781
148,3787
149,-14257
150,7500
151,1012
152,289
153,7250
154,1140
155,1512
156,7500
157,4559
158,4559
159,929
160,1346
161,289
162,7333
163,3787
164,929
165,1140
166,4703
167,4787
168,1262
169,929
170,4620
171,7250
172,1429
173,4703
174,3954
175,1262
176,1262
177,1096
178,3875
179,4103
180,3787
181,4537
182,1140
183,1140
184,1140
185,846
186,1262
187,3875
188,1056
189,4103
190,1346
191,1179
192,1179
193,1179
194,7250
195,9801
196,4120
197,1140
198,7667
199,1096
200,4103
201,1346
202,4453
203,1179
204,1429
205,373
206,7583
207,4703
208,4703
209,4287
210,1096
211,3875
212,4620
213,4103
214,4453
215,4559
216,1179
217,289
218,289
219,1140
220,1596
221,4620
222,4559
223,1179
224,7583
225,1429
226,4037
227,4037
228,4370
229,7667
230,7250
231,289
232,7583
233,3787
234,3787
235,7750
236,4120
237,1596
238,1596
239,846
240,4204
241,7417
242,929
243,9573
244,1346
245,1512
246,4037
247,1262
248,1346
249,1512
250,4703
251,4537
252,929
253,4559
254,929
255,1012
256,1262
257,1346
258,4287
259,929
260,1140
261,1056
262,1012
263,1262
264,289
265,7667
266,7750
267,3787
268,373
269,4037
270,4620
271,1346
272,4787
273,4787
274,7250
275,1512
276,3954
277,4204
278,1262
279,4370
280,7667
281,-16948
282,7583
283,7750
284,1429
285,4204
286,4287
287,4331
288,4103
289,4103
290,1346
291,1346
292,9801
293,3787
294,4287
295,1262
296,7500
297,3870
298,3870
299,7667
300,1346
301,1346
302,1179
303,289
304,289
305,7583
306,7750
307,456
308,4331
309,7667
310,1096
311,1096
312,7333
313,7333
314,7250
315,7500
316,1056
317,1056
318,4620
319,929
320,929
321,289
322,7750
323,1429
324,456
325,373
326,7417
327,846
328,4331
329,4370
330,4370
331,1056
332,4103
333,4453
334,1429
335,4370
336,7333
337,1346
338,4787
339,4787
340,4559
341,4204
342,4204
343,4204
344,4103
345,4787
346,9573
347,9573
348,-17198
349,-17198
350,4370
351,4620
352,1179
353,929
354,1012
355,1346
356,289
357,456
358,0
359,4787
360,4037
361,1512
362,1140
363,4370
364,4370
365,1179
366,1346
367,846
368,929
369,1179
370,0
371,7500
372,4120
373,4370
374,4620
375,4620
376,1179
377,929
378,9801
379,-17838
380,4703
381,373
382,1140
383,1262
384,4620
385,4103
386,4103
387,4559
388,929
389,4120
390,1056
391,7333
392,1179
393,929
394,9801
395,4287
396,1596
397,1596
398,1262
399,1096
400,1346
401,1179
402,1179
403,1012
404,1512
405,1596
406,846
407,1262
408,4620
409,4620
410,4103
411,4787
412,1179
413,4537
414,4037
415,4287
416,1262
417,1012
418,3954
419,3954
420,4331
421,1096
422,4453
423,1012
424,7750
425,-16864
426,7250
427,7583
428,4204
429,4204
430,4204
431,-16781
432,7250
433,1262
434,9573
435,-17198
436,0
437,3954
438,3954
439,4453
440,4703
441,4559
442,1096
443,289
444,7250
445,4120
446,4537
447,4559
448,929
449,1140
450,7417
451,4120
452,4287
453,4620
454,7250
455,7417
456,4287
457,4370
458,4559
459,289
460,289
461,7750
462,929
463,7750
464,7417
465,1140
466,4331
467,7500
468,1179
469,1179
470,1012
471,7750
472,4120
473,4703
474,1140
475,4331
476,1096
477,1056
478,4103
479,7333
480,1512
481,1512
482,1512
483,4287
484,4620
485,1346
486,4453
487,4559
488,929
489,1429
490,4287
491,7583
492,1012
493,456
494,4703
495,1140
496,1140
497,4331
498,4370
499,4370
500,9573
501,3787
502,3870
503,1096
504,4620
505,9801
506,3954
507,4620
508,4537
509,4537
510,1012
511,1512
512,7417
513,7417
514,1140
515,4037
516,1262
517,7500
518,3870
519,3875
520,4620
521,1346
522,1179
523,929
524,4204
525,4453
526,4103
527,1262
528,9573
529,9573
530,3870
531,1012
532,1179
533,289
534,373
535,7750
536,1179
537,1056
538,1140
539,7750
540,4370
541,929
542,1140
543,7250
544,7333
545,7417
546,7667
547,846
548,1096
549,1512
550,4287
551,4103
552,846
553,1262
554,7667
555,1096
556,1056
557,4620
558,1346
559,4453
560,4453
561,929
562,929
563,9801
564,9801
565,289
566,4537
567,7750
568,1596
569,4620
570,1346
571,1346
572,1346
573,456
574,1262
575,7500
576,4559
577,3787
578,4703
579,1262
580,1262
581,3875
582,3875
583,1056
584,1346
585,1346
586,1512
587,1512
588,1512
589,3954
590,4287
591,1596
592,4103
593,4103
594,7750
595,4703
596,1140
597,4331
598,4331
599,7667
600,1096
601,4103
602,7333
603,1346
604,4787
605,3787
606,4037
607,3954
608,3870
609,3870
610,1056
611,228
612,4453
613,929
614,289
615,7583
616,7750
617,1429
618,1140
619,4037
620,4287
621,4370
622,1346
623,4453
624,9801
625,7417
626,9573
627,9573
628,289
629,4559
630,929
631,929
632,1140
633,289
634,1096
635,9573
636,4287
637,929
638,7500
639,4620
640,1179
641,7417
642,4453
643,4453
644,4453
645,4559
646,4331
647,1012
648,3870
649,4287
650,4537
651,4787
652,4787
653,4120
654,1140
655,3870
656,4103
657,7333
658,1346
659,9801
660,1596
661,3870
662,7667
663,1096
664,1346
665,1346
666,1346
667,1179
668,1140
669,1140
670,4204
671,3870
672,3870
673,4620
674,4787
675,1512
676,4370
677,7667
678,1346
679,1179
680,7583
681,1012
682,1429
683,7417
684,1346
685,1346
686,4453
687,4787
688,1140
689,7500
690,4370
691,3870
692,1346
693,4453
694,1179
695,1429
696,1429
697,4370
698,4620
699,4620
700,1346
701,1346
702,1512
703,7750
704,1140
705,3954
706,3870
707,0
708,4620
709,7333
710,7333
711,1346
712,4204
713,-13923
714,-10377
715,289
716,-17198
717,4787
718,1179
719,4370
720,4453
721,7500
722,3870
723,1140
724,4559
725,929
726,4037
727,4787
728,7417
729,1596
730,9573
731,4537
732,4620
733,4703
734,4787
735,1179
736,9174
737,9841
738,10007
739,-1916
740,-833
741,22000
742,13172
743,40012
744,36429
745,33897
746,57729
747,28365
748,17586
749,8924
750,8924
751,14088
752,-666
753,-417
754,17752
755,-1333
756,-833
757,9507
758,36763
759,27615
760,18002
761,18136
762,-1250
763,57813
764,14255
765,18835
766,-1500
767,-1833
768,18835
769,35263
770,33647
771,34396
772,9257
773,18169
774,-1749
775,32814
776,32814
777,10257
778,37096
779,-1999
780,57668
781,39762
782,-1666
783,14171
784,17669
785,38345
786,33480
787,22333
788,34347
789,-1583
790,33147
791,8758
792,33897
793,18252
794,19219
795,-1833
796,21833
797,33397
798,40095
799,-1749
800,-1333
801,33064
802,39762
803,-1250
804,9924
805,28865
806,27198
807,13088
808,-1583
809,27865
810,18252
811,33397
812,-1166
813,36429
814,9341
815,4427
816,57813
817,-83
818,9674
819,5843
820,58808
821,18552
822,-417
823,32730
824,9424
825,-1333
826,0
827,-1916
828,27532
829,-500
830,9341
831,9341
832,38012
833,-750
834,39678
835,9924
836,33730
837,34147
838,-83
839,-1833
840,18835
841,-916
842,-916
843,-1833
844,34396
845,14338
846,-1166
847,36263
848,-1583
849,17419
850,-666
851,-666
852,17752
853,39012
854,10257
855,0
856,17503
857,27615
858,14171
859,-1666
860,36096
861,-583
862,27032
863,34147
864,39095
865,57729
866,-333
867,34063
868,40345
869,33647
870,33230
871,58808
872,28948
873,-1749
874,-1749
875,-1749
876,34480
877,10257
878,10257
879,10257
880,38762
881,0
882,40012
883,27615
884,13172
885,38429
886,18919
887,-1000
888,-1000
889,54695
890,33480
891,27782
892,33480
893,37012
894,-583
895,10091
896,33897
897,57813
898,32897
899,33230
900,-1500
901,34396
902,9091
903,34563
904,9674
905,4843
906,-666
907,34230
908,18086
909,10257
910,-1999
911,0
912,-1916
913,17836
914,40178
915,22250
916,27532
917,39595
918,-500
919,18752
920,28698
921,-500
922,5093
923,-583
924,-1250
925,-750
926,27365
927,-250
928,9757
929,-250
930,57813
931,36846
932,8841
933,28781
934,57440
935,8924
936,28615
937,9008
938,14421
939,57813
940,57813
941,59263
942,54529
943,13088
944,54779
945,21917
946,22250
947,22916
948,22916
949,23083
950,21667
951,33813
952,34396
953,21750
954,22000
955,22833
956,56146
957,13838
958,54529
959,23166
960,13172
961,22083
962,13505
963,23250
964,23250
965,13838
966,22167
967,22167
968,22333
969,14255
970,54862
971,53161
972,18336
973,53411
974,17752
975,53328
976,17503
977,9341
978,53494
979,53161
980,18585
981,18002
982,-1333
983,53161
984,18752
985,10257
986,5427
987,22250
988,17669
989,18419
990,8924
991,5010
992,28032
993,23250
994,18002
995,18169
996,18835
997,13172
998,9091
999,9507
1000,10007
1001,10091
1002,33813
1003,21917
1004,23083
1005,23083
1006,23166
1007,17586
1008,13755
1009,9424
1010,9757
1011,4677
1012,4760
1013,5760
1014,57813
1015,37512
1016,27282
1017,18669
1018,18919
1019,13505
1020,9341
1021,9591
1022,57813
1023,36763
1024,27448
1025,27948
1026,28448
1027,57896
1028,37846
1029,34396
1030,28198
1031,14171
1032,14588
1033,9424
1034,5926
1035,35346
1036,38262
1037,18002
1038,13838
1039,5260
1040,37596
1041,28698
1042,21500
1043,22500
1044,13172
1045,13422
1046,33563
1047,-666
1048,-167
1049,-1416
1050,-1416
1051,39512
1052,14005
1053,27698
1054,-1916
1055,-1083
1056,-500
1057,-500
1058,27115
1059,-1250
1060,18502
1061,37929
1062,-83
1063,33897
1064,27198
1065,34313
1066,32897
1067,32897
1068,-333
1069,57440
1070,8841
1071,28365
1072,14421
1073,40345
1074,54529
1075,9174
1076,9174
1077,-417
1078,33813
1079,-1749
1080,-167
1081,13672
1082,0
1083,27698
1084,-1666
1085,18919
1086,17919
1087,13755
1088,33897
1089,-83
1090,37346
1091,-1166
1092,17586
1093,9174
1094,9841
1095,-167
1096,23000
1097,9424
1098,10007
1099,17836
1100,-833
1101,-1916
1102,28531
1103,40178
1104,39928
1105,18752
1106,13755
1107,9341
1108,18752
1109,14588
1110,36263
1111,-750
1112,33313
1113,32647
1114,-1833
1115,14338
1116,17586
1117,40345
1118,36513
1119,28115
1120,-1749
1121,32814
1122,32730
1123,10007
1124,-1416
1125,-1333
1126,0
1127,34646
1128,54695
1129,-1250
1130,9924
1131,57813
1132,-1583
1133,13838
1134,-1500
1135,-333
1136,33647
1137,-1166
1138,-1166
1139,10174
1140,57813
1141,34396
1142,9174
1143,37429
1144,-417
1145,-1749
1146,39262
1147,33064
1148,-1916
1149,36763
1150,-1916
1151,28531
1152,-833
1153,54779
1154,19969
1155,-1250
1156,13588
1157,54945
1158,8758
1159,27198
1160,-250
1161,-250
1162,9091
1163,9091
1164,37929
1165,-1583
1166,59263
1167,-1833
1168,57896
1169,27948
1170,14505
1171,9424
1172,13422
1173,9591
1174,34230
1175,-1999
1176,-1999
1177,0
1178,18636
1179,38429
1180,33064
1181,28448
1182,13588
1183,14255
1184,21750
1185,33730
1186,34563
1187,27948
1188,13255
1189,33813
1190,14505
1191,0
1192,0
1193,34646
1194,-1916
1195,13505
1196,38845
1197,-583
1198,-1250
1199,27865
1200,57729
1201,33147
1202,9757
1203,-83
1204,-83
1205,-1583
1206,34313
1207,-1833
1208,28615
1209,-1000
1210,33980
1211,33730
1212,33147
1213,9674
1214,33647
1215,-666
1216,9841
1217,32730
1218,13921
1219,18419
1220,38762
1221,39595
1222,9507
1223,17836
1224,13505
1225,33980
1226,28698
1227,-1083
1228,26949
1229,38012
1230,32647
1231,57813
1232,14255
1233,-250
1234,-1833
1235,-1166
1236,18336
1237,5427
1238,8924
1239,28615
1240,-250
1241,14005
1242,13588
1243,21833
1244,22916
1245,23000
1246,34563
1247,33230
1248,54779
1249,21333
1250,54612
1251,14505
1252,33147
1253,33730
1254,54945
1255,22083
1256,22083
1257,56313
1258,13672
1259,22333
1260,22333
1261,13172
1262,53161
1263,53411
1264,14171
1265,53578
1266,17919
1267,17586
1268,53411
1269,53411
1270,57813
1271,57813
1272,17836
1273,54862
1274,17669
1275,-1416
1276,-1250
1277,18585
1278,18669
1279,27698
1280,53411
1281,28448
1282,8758
1283,4843
1284,5177
1285,38095
1286,26949
1287,27448
1288,27532
1289,13255
1290,5510
1291,28365
1292,14005
1293,8924
1294,10257
1295,36346
1296,36596
1297,37179
1298,28448
1299,22000
1300,18419
1301,8841
1302,38012
1303,38179
1304,28531
1305,28531
1306,36263
1307,37012
1308,21250
1309,21833
1310,22083
1311,22083
1312,5593
1313,17752
1314,14255
1315,9507
1316,9757
1317,4510
1318,27865
1319,21250
1320,22916
1321,18252
1322,5926
1323,35680
1324,33480
1325,33897
1326,28698
1327,22333
1328,38512
1329,9841
1330,9841
1331,32980
1332,-167
1333,17836
1334,37762
1335,5343
1336,-500
1337,9341
1338,27115
1339,38179
1340,-1250
1341,27782
1342,37012
1343,9757
1344,8758
1345,27365
1346,57813
1347,8841
1348,27448
1349,33647
1350,33563
1351,36679
1352,59036
1353,39428
1354,32730
1355,34230
1356,-1333
1357,39928
1358,40178
1359,18919
1360,37179
1361,14171
1362,38345
1363,14588
1364,-750
1365,34313
1366,32897
1367,-333
1368,28198
1369,-916
1370,18252
1371,34063
1372,57896
1373,9008
1374,28115
1375,33563
1376,32980
1377,-167
1378,-833
1379,-1666
1380,57646
1381,27698
1382,-1083
1383,-750
1384,38095
1385,-750
1386,26949
1387,34147
1388,57813
1389,8841
1390,-1166
1391,28865
1392,9924
1393,-750
1394,38512
1395,-417
1396,13338
1397,13422
1398,39262
1399,37096
1400,-1999
1401,18919
1402,-1916
1403,-500
1404,18752
1405,18303
1406,14588
1407,18502
1408,-583
1409,9924
1410,-1583
1411,57729
1412,33730
1413,21417
1414,34930
1415,9674
1416,18386
1417,10174
1418,28032
1419,33897
1420,-1500
1421,-1833
1422,33397
1423,9174
1424,58808
1425,34480
1426,39012
1427,38762
1428,0
1429,14171
1430,28531
1431,39762
1432,27615
1433,28698
1434,17919
1435,27115
1436,-500
1437,40261
1438,-250
1439,18669
1440,9757
1441,9091
1442,54945
1443,8758
1444,9757
1445,-250
1446,57813
1447,54945
1448,10174
1449,33647
1450,-1166
1451,28032
1452,9674
1453,-1166
1454,32647
1455,33313
1456,8841
1457,27948
1458,28948
1459,39428
1460,34480
1461,10007
1462,-1416
1463,18086
1464,-1333
1465,37762
1466,-1000
1467,-833
1468,-1000
1469,-1083
1470,-1083
1471,22167
1472,22916
1473,57813
1474,39095
1475,22083
1476,-916
1477,33230
1478,28781
1479,28281
1480,34063
1481,18835
1482,27448
1483,54612
1484,4760
1485,5760
1486,9257
1487,-417
1488,13255
1489,33813
1490,32980
1491,32730
1492,32730
1493,-167
1494,18419
1495,-1416
1496,-833
1497,-833
1498,22750
1499,9341
1500,38929
1501,9924
1502,32647
1503,26949
1504,36179
1505,-83
1506,14255
1507,8841
1508,33980
1509,-1083
1510,33480
1511,33313
1512,33230
1513,10174
1514,39178
1515,33813
1516,13338
1517,34480
1518,10007
1519,10007
1520,34230
1521,-1416
1522,40012
1523,-1000
1524,-1666
1525,38929
1526,28448
1527,13588
1528,-583
1529,10091
1530,33730
1531,-83
1532,-1583
1533,8758
1534,18719
1535,-1833
1536,28198
1537,-916
1538,28365
1539,36513
1540,18336
1541,-1166
1542,14171
1543,22500
1544,22583
1545,55980
1546,22666
1547,57514
1548,21667
1549,22000
1550,56063
1551,22833
1552,57347
1553,54612
1554,14505
1555,33480
1556,34313
1557,32730
1558,56063
1559,13921
1560,23250
1561,13755
1562,18835
1563,53411
1564,14421
1565,53245
1566,18919
1567,10007
1568,53578
1569,53578
1570,53494
1571,53328
1572,53328
1573,18002
1574,14505
1575,53161
1576,53161
1577,5510
1578,33980
1579,34646
1580,28781
1581,21250
1582,22000
1583,13838
1584,9091
1585,5510
1586,57646
1587,33313
1588,28115
1589,23166
1590,17503
1591,9924
1592,37262
1593,34063
1594,17919
1595,18585
1596,14005
1597,59036
1598,22416
1599,18336
1600,8758
1601,28365
1602,28948
1603,21417
1604,21583
1605,36679
1606,23250
1607,13338
1608,9674
1609,18919
1610,10174
1611,4677
1612,4927
1613,5843
1614,21333
1615,21417
1616,5010
1617,5427
1618,5760
1619,21750
1620,22916
1621,9257
1622,39178
1623,-417
1624,-417
1625,-1416
1626,39512
1627,-1999
1628,-1333
1629,-1333
1630,-1000
1631,-1666
1632,33064
1633,28698
1634,54695
1635,-583
1636,9091
1637,27198
1638,-1583
1639,-250
1640,-1583
1641,34313
1642,32897
1643,28281
1644,-916
1645,-333
1646,28781
1647,9674
1648,33397
1649,58808
1650,59036
1651,59036
1652,59036
1653,33813
1654,-167
1655,9424
1656,-1999
1657,-1333
1658,-833
1659,57646
1660,-1000
1661,34646
1662,-833
1663,21250
1664,9341
1665,-500
1666,33980
1667,28448
1668,-750
1669,-583
1670,33313
1671,18669
1672,27282
1673,34147
1674,-916
1675,-1500
1676,5926
1677,-333
1678,33230
1679,-1166
1680,35513
1681,38262
1682,9257
1683,13255
1684,59036
1685,-1749
1686,32730
1687,10007
1688,0
1689,17669
1690,39762
1691,-1916
1692,40178
1693,-500
1694,-1250
1695,10091
1696,39845
1697,9924
1698,57813
1699,-333
1700,4593
1701,23083
1702,10174
1703,34063
1704,4510
1705,34480
1706,-167
1707,13672
1708,18086
1709,-1999
1710,-1333
1711,23166
1712,38845
1713,9507
1714,17836
1715,9507
1716,9507
1717,13172
1718,13172
1719,5698
1720,20052
1721,-1083
1722,-750
1723,-1250
1724,21333
1725,39686
1726,38679
1727,28198
1728,8924
1729,34563
1730,28115
1731,27948
1732,-666
1733,-1749
1734,10007
1735,13672
1736,5010
1737,14171
1738,38345
1739,9341
1740,33313
1741,33313
1742,27282
1743,39095
1744,-1583
1745,27365
1746,28365
1747,28365
1748,-1500
1749,5260
1750,27448
1751,28198
1752,28032
1753,17419
1754,14421
1755,9008
1756,-1166
1757,54529
1758,9674
1759,-500
1760,10091
1761,57813
1762,34063
1763,-1500
1764,18336
1765,34396
1766,33563
1767,-417
1768,9591
1769,0
1770,-1666
1771,37179
1772,9341
1773,9341
1774,-750
1775,10091
1776,27782
1777,14255
1778,57813
1779,54945
1780,-1500
1781,9008
1782,9008
1783,14088
1784,57813
1785,33563
1786,9841
1787,9424
1788,18419
1789,-1416
1790,10257
1791,57668
1792,13505
1793,-1666
1794,34646
1795,18219
1796,37262
1797,33980
1798,14588
1799,18502
1800,54779
1801,33897
1802,57813
1803,57813
1804,57813
1805,27865
1806,-1833
1807,57440
1808,-333
1809,18585
1810,34313
1811,9008
1812,-666
1813,36679
1814,32814
1815,-167
1816,9591
1817,-1000
1818,-833
1819,33980
1820,-500
1821,34313
1822,57729
1823,34313
1824,57729
1825,-250
1826,8841
1827,37346
1828,-333
1829,-1833
1830,5510
1831,34396
1832,13255
1833,13921
1834,56146
1835,14255
1836,54945
1837,23000
1838,22666
1839,22666
1840,23083
1841,21417
1842,21417
1843,33064
1844,21750
1845,55980
1846,33397
1847,55980
1848,23166
1849,23166
1850,13088
1851,57431
1852,13588
1853,54695
1854,13672
1855,33480
1856,14005
1857,14421
1858,18169
1859,18502
1860,27032
1861,17919
1862,-1749
1863,27865
1864,17836
1865,39845
1866,39845
1867,53578
1868,-1500
1869,53328
1870,53245
1871,53494
1872,18252
1873,18669
1874,34147
1875,27365
1876,21333
1877,9008
1878,9091
1879,9674
1880,17919
1881,27198
1882,9507
1883,10091
1884,10091
1885,10174
1886,4760
1887,5427
1888,37096
1889,21667
1890,22500
1891,22583
1892,8841
1893,9257
1894,9341
1895,10174
1896,4593
1897,5093
1898,5760
1899,58808
1900,28281
1901,28615
1902,21917
1903,13755
1904,13588
1905,5343
1906,57646
1907,32897
1908,33730
1909,27365
1910,21583
1911,22000
1912,23000
1913,17419
1914,18336
1915,9174
1916,10257
1917,4927
1918,5343
1919,27782
1920,28032
1921,13088
1922,38262
1923,9174
1924,39178
1925,32814
1926,9591
1927,39262
1928,-1416
1929,39512
1930,38595
1931,-1333
1932,-1333
1933,57646
1934,17503
1935,17919
1936,19885
1937,8758
1938,8758
1939,57729
1940,-333
1941,39345
1942,10174
1943,14338
1944,18336
1945,9008
1946,17586
1947,-666
1948,32980
1949,-167
1950,10007
1951,0
1952,-1666
1953,34646
1954,-833
1955,57646
1956,-1083
1957,9924
1958,-1250
1959,18502
1960,33480
1961,34147
1962,8758
1963,57729
1964,9757
1965,59263
1966,5676
1967,18835
1968,34563
1969,39345
1970,14338
1971,8924
1972,9841
1973,9841
1974,59036
1975,32980
1976,-1749
1977,17836
1978,-833
1979,13755
1980,-1083
1981,9341
1982,27782
1983,26949
1984,9924
1985,33480
1986,32897
1987,37846
1988,33230
1989,-916
1990,38679
1991,10174
1992,17419
1993,5593
1994,-417
1995,21583
1996,32980
1997,32814
1998,34480
1999,14505
2000,-167
2001,13921
2002,13422
2003,-1333
2004,27698
2005,8758
2006,57729
2007,9091
2008,-1833
2009,18252
2010,28198
2011,-1833
2012,18585
2013,33730
2014,28115
2015,9257
2016,58808
2017,40095
2018,-167
2019,13672
2020,-1416
2021,38762
2022,21500
2023,57646
2024,-833
2025,-1916
2026,-1666
2027,-1916
2028,-1000
2029,38429
2030,9507
2031,19469
2032,13755
2033,26949
2034,57813
2035,37846
2036,-83
2037,-1583
2038,-83
2039,-1500
2040,33230
2041,8841
2042,18252
2043,-1833
2044,39345
2045,5177
2046,32897
2047,34063
2048,33397
2049,13255
2050,9424
2051,10257
2052,-1999
2053,-833
2054,27698
2055,34646
2056,57646
2057,9341
2058,33980
2059,-583
2060,13588
2061,8758
2062,59263
2063,57813
2064,9757
2065,18835
2066,-1500
2067,28281
2068,34513
2069,17586
2070,34063
2071,9174
2072,35930
2073,39428
2074,17752
2075,34480
2076,18086
2077,37262
2078,-1000
2079,33064
2080,-1916
2081,23250
2082,13505
2083,17919
2084,28865
2085,-583
2086,18669
2087,33147
2088,-916
2089,-1833
2090,13838
2091,57896
2092,18336
2093,18002
2094,-916
2095,33647
2096,28115
2097,9257
2098,9841
2099,39428
2100,57668
2101,40012
2102,38429
2103,39928
2104,39928
2105,37596
2106,13588
2107,33480
2108,27032
2109,-1583
2110,-1500
2111,35846
2112,10174
2113,54529
2114,57813
2115,-83
2116,13505
2117,21833
2118,22250
2119,22250
2120,23000
2121,13422
2122,21500
2123,21333
2124,21583
2125,33980
2126,14255
2127,54695
2128,54695
2129,21250
2130,21250
2131,18169
2132,-1916
2133,14255
2134,18835
2135,18419
2136,53245
2137,18336
2138,13672
2139,17419
2140,17419
2141,17503
2142,53578
2143,53328
2144,18252
2145,53245
2146,-750
2147,14088
2148,9841
2149,4843
2150,27532
2151,22167
2152,17586
2153,10007
2154,36429
2155,22666
2156,8841
2157,10007
2158,5676
2159,28865
2160,21333
2161,21417
2162,33563
2163,18086
2164,9008
2165,9257
2166,5343
2167,27198
2168,27782
2169,27948
2170,18752
2171,9841
2172,27448
2173,27782
2174,21500
2175,22416
2176,14421
2177,9008
2178,4510
2179,4843
2180,36929
2181,32814
2182,22083
2183,22333
2184,22333
2185,18002
2186,18835
2187,-417
2188,13255
2189,34230
2190,-1416
2191,-1999
2192,18919
2193,-833
2194,-1000
2195,17503
2196,36929
2197,-1916
2198,-1083
2199,13755
2200,-1083
2201,-1250
2202,39678
2203,57813
2204,27282
2205,-1500
2206,39345
2207,35596
2208,18585
2209,54612
2210,-666
2211,-417
2212,59036
2213,32980
2214,13921
2215,57668
2216,0
2217,33064
2218,28531
2219,9507
2220,-1666
2221,-1666
2222,27615
2223,-1083
2224,18002
2225,-583
2226,-583
2227,57729
2228,9091
2229,57813
2230,-1583
2231,8841
2232,-1833
2233,-916
2234,4677
2235,34063
2236,13838
2237,57896
2238,28615
2239,33563
2240,22833
2241,37429
2242,-417
2243,33813
2244,28948
2245,-167
2246,-1999
2247,36346
2248,-1666
2249,57646
2250,13172
2251,17503
2252,-1083
2253,38929
2254,38345
2255,-1250
2256,21667
2257,-750
2258,27032
2259,33897
2260,-83
2261,-250
2262,18669
2263,-333
2264,18585
2265,32647
2266,33230
2267,-666
2268,-666
2269,-417
2270,40095
2271,10007
2272,39262
2273,-1416
2274,38595
2275,57668
2276,-1916
2277,39595
2278,14005
2279,57646
2280,36596
2281,-500
2282,-1083
2283,40261
2284,-250
2285,-83
2286,-1583
2287,-1166
2288,9674
2289,-1166
2290,9341
2291,57440
2292,-1166
2293,33563
2294,9841
2295,-417
2296,13338
2297,-1749
2298,18419
2299,-1999
2300,27532
2301,-1000
2302,27532
2303,27532
2304,18752
2305,32647
2306,-1583
2307,-250
2308,9757
2309,13838
2310,-1500
2311,28781
2312,-333
2313,54612
2314,8924
2315,9257
2316,9841
2317,9591
2318,37679
2319,-1000
2320,-1666
2321,17669
2322,9507
2323,-1000
2324,19052
2325,9341
2326,9341
2327,19386
2328,-750
2329,37512
2330,39095
2331,57813
2332,18669
2333,-250
2334,9091
2335,59263
2336,33147
2337,28281
2338,57440
2339,-333
2340,34063
2341,-1833
2342,13838
2343,-333
2344,28781
2345,18585
2346,33647
2347,10174
2348,34396
2349,-666
2350,-417
2351,33813
2352,-1749
2353,14505
2354,34230
2355,-1416
2356,-1416
2357,-833
2358,34847
2359,17919
2360,32647
2361,40261
2362,38095
2363,18252
2364,9008
2365,34396
2366,54529
2367,-1166
2368,10091
2369,-1166
2370,58808
2371,59036
2372,18169
2373,17752
2374,-1749
2375,32814
2376,-167
2377,9591
2378,57668
2379,22583
2380,-500
2381,33313
2382,28865
2383,33480
2384,-750
2385,10091
2386,27365
2387,59263
2388,-83
2389,8758
2390,-1500
2391,-1500
2392,-1500
2393,-333
2394,-916
2395,33397
2396,28615
2397,33397
2398,9757
2399,34563
2400,57646
2401,21833
2402,21917
2403,22500
2404,22583
2405,13755
2406,55897
2407,21500
2408,21333
2409,21583
2410,13255
2411,32647
2412,32897
2413,33313
2414,57646
2415,54779
2416,14088
2417,0
2418,18086
2419,53245
2420,53245
2421,14171
2422,17752
2423,53328
2424,-1833
2425,53494
2426,-833
2427,53578
2428,53578
2429,53411
2430,-1000
2431,5926
2432,33147
2433,22916
2434,18169
2435,13672
2436,57813
2437,37346
2438,37679
2439,28615
2440,14171
2441,14255
2442,8924
2443,9924
2444,27698
2445,28115
2446,21833
2447,22500
2448,23000
2449,23000
2450,18002
2451,9257
2452,37762
2453,9757
2454,5093
2455,27615
2456,22583
2457,23166
2458,13422
2459,14421
2460,4677
2461,5260
2462,17669
2463,17836
2464,18252
2465,18669
2466,37429
2467,34563
2468,17836
2469,13588
2470,9924
2471,57729
2472,32980
2473,39178
2474,18169
2475,-1749
2476,14505
2477,-1416
2478,-1416
2479,14005
2480,57646
2481,-1916
2482,36929
2483,36346
2484,-500
2485,-500
2486,-500
2487,27115
2488,4927
2489,-1083
2490,-1250
2491,-1250
2492,-1250
2493,33480
2494,57729
2495,34147
2496,32897
2497,-1500
2498,28365
2499,-916
2500,14088
2501,20135
2502,38512
2503,-666
2504,-666
2505,-1333
2506,19136
2507,-1666
2508,33980
2509,9341
2510,36596
2511,38179
2512,9341
2513,18886
2514,28865
2515,10091
2516,27282
2517,33730
2518,-916
2519,-333
2520,28281
2521,27948
2522,28948
2523,32980
2524,13338
2525,32814
2526,-167
2527,39012
2528,-1999
2529,39595
2530,-1666
2531,-583
2532,-750
2533,-750
2534,57813
2535,9091
2536,-916
2537,27448
2538,28198
2539,34563
2540,17419
2541,28032
2542,8758
2543,57440
2544,17752
2545,-1749
2546,32730
2547,9424
2548,13422
2549,9591
2550,35013
2551,13672
2552,38595
2553,-1999
2554,-1999
2555,34597
2556,0
2557,17669
2558,37596
2559,-1666
2560,17669
2561,-500
2562,17919
2563,54779
2564,18502
2565,-750
2566,57813
2567,-1166
2568,8924
2569,-1166
2570,32647
2571,33480
2572,34147
2573,59263
2574,27948
2575,-1749
2576,-1749
2577,34480
2578,9424
2579,18086
2580,10257
2581,37679
2582,19635
2583,-833
2584,28448
2585,-1083
2586,40261
2587,-250
2588,19802
2589,57813
2590,34313
2591,-83
2592,-1500
2593,8841
2594,9008
2595,37512
2596,33147
2597,33397
2598,13921
2599,9424
2600,-1000
2601,-1916
2602,-1000
2603,9507
2604,33980
2605,54779
2606,28865
2607,-750
2608,27782
2609,27282
2610,-83
2611,33147
2612,57813
2613,-250
2614,34563
2615,-333
2616,10174
2617,8924
2618,14088
2619,54612
2620,9008
2621,8841
2622,33397
2623,9174
2624,-666
2625,-666
2626,59036
2627,59036
2628,34480
2629,-167
2630,-167
2631,0
2632,0
2633,-1000
2634,14005
2635,28531
2636,-1083
2637,-1250
2638,10091
2639,-583
2640,33730
2641,27198
2642,19719
2643,9091
2644,13088
2645,27865
2646,33647
2647,57646
2648,9924
2649,33647
2650,18169
2651,-167
2652,39012
2653,57668
2654,-1333
2655,-1333
2656,-1333
2657,-1666
2658,27115
2659,9341
2660,38929
2661,27032
2662,-750
2663,-1250
2664,27032
2665,57813
2666,57813
2667,57813
2668,13088
2669,-333
2670,28615
2671,9757
2672,54529
2673,55897
2674,22500
2675,22583
2676,23083
2677,55897
2678,32814
2679,34147
2680,21417
2681,21500
2682,21667
2683,34480
2684,22000
2685,57681
2686,56146
2687,32980
2688,22750
2689,54945
2690,13338
2691,56063
2692,22416
2693,14588
2694,54612
2695,22167
2696,14588
2697,14338
2698,14338
2699,18502
2700,18419
2701,14421
2702,53494
2703,53328
2704,27532
2705,18169
2706,53494
2707,39313
2708,17669
2709,18752
2710,14088
2711,14588
2712,9591
2713,9841
2714,27698
2715,28448
2716,21750
2717,13921
2718,27032
2719,27115
2720,27282
2721,13255
2722,5676
2723,36846
2724,37929
2725,27365
2726,27865
2727,21583
2728,22833
2729,17503
2730,4427
2731,4593
2732,5843
2733,32730
2734,22250
2735,23250
2736,17752
2737,4510
2738,21667
2739,22666
2740,13088
2741,9424
2742,4427
2743,14505
2744,34263
2745,28281
2746,28281
2747,18086
2748,18419
2749,18585
2750,28948
2751,21750
2752,21917
2753,22583
2754,22750
2755,13921
2756,-1749
2757,32730
2758,10007
2759,9591
2760,14588
2761,-583
2762,39678
2763,57813
2764,57813
2765,34147
2766,-250
2767,-1500
2768,9674
2769,34396
2770,14088
2771,28032
2772,9174
2773,-666
2774,9257
2775,-417
2776,59036
2777,39512
2778,-1999
2779,14005
2780,9341
2781,27115
2782,-583
2783,39678
2784,-583
2785,-1250
2786,57813
2787,32897
2788,-916
2789,34563
2790,-333
2791,-916
2792,-916
2793,36846
2794,28781
2795,9008
2796,8924
2797,-1166
2798,9591
2799,9591
2800,10257
2801,34680
2802,18969
2803,-1999
2804,-1333
2805,33064
2806,33064
2807,18802
2808,34763
2809,35430
2810,18752
2811,18002
2812,-1083
2813,-1083
2814,28698
2815,-583
2816,-583
2817,-250
2818,9757
2819,57813
2820,-916
2821,34563
2822,-333
2823,57440
2824,9674
2825,17419
2826,18336
2827,40345
2828,34230
2829,34230
2830,-1999
2831,18919
2832,34646
2833,-833
2834,28531
2835,-500
2836,35180
2837,10091
2838,35096
2839,57813
2840,-83
2841,-250
2842,22416
2843,34313
2844,33230
2845,9174
2846,38512
2847,33563
2848,35763
2849,9257
2850,-417
2851,40095
2852,13672
2853,-1416
2854,-1999
2855,0
2856,-1916
2857,17503
2858,9507
2859,17503
2860,54695
2861,18469
2862,33313
2863,18669
2864,57813
2865,-83
2866,27282
2867,33147
2868,22666
2869,-1833
2870,14421
2871,17586
2872,14421
2873,28698
2874,8924
2875,21917
2876,19302
2877,-417
2878,28948
2879,18169
2880,13338
2881,32814
2882,-167
2883,-167
2884,13921
2885,13422
2886,-1416
2887,18086
2888,10257
2889,0
2890,-1666
2891,17669
2892,34646
2893,38845
2894,9507
2895,13505
2896,18002
2897,26949
2898,18502
2899,27782
2900,32647
2901,57813
2902,27365
2903,13088
2904,33147
2905,13088
2906,-83
2907,-83
2908,-250
2909,38679
2910,10174
2911,28032
2912,17419
2913,-1583
2914,28115
2915,-666
2916,33813
2917,9591
2918,18419
2919,13672
2920,36013
2921,34230
2922,-1416
2923,27615
2924,38845
2925,-1916
2926,-1083
2927,9924
2928,33480
2929,-1583
2930,-1583
2931,57729
2932,27448
2933,38679
2934,-916
2935,22500
2936,9674
2937,57729
2938,33563
2939,9257
2940,9257
2941,33813
2942,32980
2943,17752
2944,9424
2945,38595
2946,-1999
2947,33064
2948,34646
2949,-1000
2950,57646
2951,9341
2952,-750
2953,57813
2954,34147
2955,-1583
2956,33897
2957,-83
2958,57813
2959,14338
2960,18585
2961,33647
2962,14588
2963,56313
2964,21917
2965,13338
2966,33563
2967,34230
2968,56313
2969,21583
2970,21750
2971,22833
2972,14171
2973,33897
2974,34063
2975,14088
2976,14338
2977,34646
2978,22416
2979,22416
2980,57597
2981,14338
2982,14421
2983,13422
2984,21250
2985,14588
2986,53161
2987,-417
2988,18086
2989,-83
2990,53245
2991,53494
2992,17586
2993,18919
2994,39178
2995,39178
2996,39845
2997,54862
2998,-1666
2999,18002
3000,-1583
3001,14505
3002,4927
3003,34180
3004,34230
3005,28781
3006,22167
3007,22250
3008,22833
3009,18502
3010,5593
3011,57729
3012,36513
3013,27865
3014,21833
3015,22167
3016,14338
3017,5177
3018,33064
3019,34480
3020,28198
3021,22833
3022,23083
3023,14505
3024,9674
3025,57896
3026,32647
3027,33397
3028,21667
3029,18502
3030,9174
3031,5093
3032,5177
3033,5593
3034,28948
3035,34313
3036,27032
3037,27198
3038,27615
3039,21500
3040,22750
3041,17419
3042,13505
3043,9174
3044,4427
3045,5010
3046,5260
3047,14338
3048,9591
3049,4593
3050,4760
3051,5843
3052,33230
3053,26949
3054,27115
3055,28865
3056,22666
3057,22750
3058,18752
3059,5676
3060,34430
3061,22416
3062,13338
3063,-45640
3064,43211
3065,20043
3066,40295
3067,27953
3068,22459
3069,29404
3070,43544
3071,19877
3072,100967
3073,-44890
3074,-44474
3075,-44974
3076,28948
3077,21210
3078,100800
3079,99134
3080,38629
3081,22043
3082,21626
3083,60880
3084,29176
3085,24459
3086,-45224
3087,-45890
3088,-45140
3089,-44391
3090,59880
3091,27953
3092,29404
3093,78799
3094,59714
3095,19460
3096,80382
3097,28036
3098,-44474
3099,27953
3100,19793
3101,22959
3102,27870
3103,95802
3104,29176
3105,29176
3106,76466
3107,98301
3108,44377
3109,99717
3110,-44890
3111,-45140
3112,40045
3113,29860
3114,42044
3115,78882
3116,56548
3117,37629
3118,23209
3119,22792
3120,95052
3121,-45057
3122,44044
3123,27953
3124,27497
3125,57048
3126,82298
3127,60963
3128,76716
3129,80298
3130,24542
3131,39629
3132,41795
3133,-44807
3134,79965
3135,27953
3136,29404
3137,39045
3138,27497
3139,27497
3140,27497
3141,23709
3142,59630
3143,62879
3144,29776
3145,56631
3146,20460
3147,17858
3148,43627
3149,40212
3150,39878
3151,94719
3152,-44890
3153,-45890
3154,-44224
3155,27953
3156,97551
3157,25292
3158,58881
3159,29632
3160,62963
3161,29176
3162,24625
3163,77966
3164,27352
3165,98217
3166,75550
3167,42961
3168,61130
3169,61963
3170,20127
3171,21855
3172,13277
3173,17191
3174,17524
3175,9113
3176,29176
3177,29176
3178,27953
3179,27953
3180,9613
3181,22438
3182,23022
3183,14193
3184,-44890
3185,19627
3186,27953
3187,61880
3188,98801
3189,80882
3190,80548
3191,79382
3192,79549
3193,21959
3194,-45224
3195,-45557
3196,95635
3197,94552
3198,29404
3199,27497
3200,75633
3201,28036
3202,94469
3203,80132
3204,96301
3205,-45224
3206,-45307
3207,-45807
3208,-44724
3209,-44474
3210,-46057
3211,-44224
3212,27953
3213,19960
3214,21376
3215,27786
3216,27870
3217,21689
3218,57881
3219,24292
3220,44460
3221,4282
3222,-44557
3223,-45057
3224,1785
3225,40878
3226,29404
3227,58381
3228,27870
3229,100300
3230,19377
3231,75883
3232,-45474
3233,-45973
3234,62546
3235,82048
3236,60297
3237,29176
3238,27352
3239,99384
3240,97801
3241,-44807
3242,-44557
3243,80049
3244,80215
3245,27953
3246,27497
3247,20710
3248,27580
3249,13610
3250,23792
3251,100883
3252,24709
3253,28036
3254,9196
3255,-44391
3256,-44641
3257,-45057
3258,28948
3259,9826
3260,27497
3261,29632
3262,77133
3263,80715
3264,97301
3265,41295
3266,81048
3267,95385
3268,24875
3269,-45224
3270,-45307
3271,-45973
3272,61380
3273,28948
3274,81215
3275,59963
3276,96218
3277,27953
3278,27953
3279,27953
3280,98967
3281,27786
3282,81465
3283,101050
3284,21043
3285,13027
3286,25125
3287,29176
3288,30316
3289,22105
3290,17691
3291,13110
3292,8530
3293,5615
3294,17608
3295,29632
3296,13694
3297,9529
3298,9946
3299,13860
3300,4782
3301,27870
3302,27953
3303,22688
3304,-44307
3305,96135
3306,28948
3307,27953
3308,27953
3309,81798
3310,40128
3311,27870
3312,37713
3313,75467
3314,38962
3315,29176
3316,18441
3317,27352
3318,20210
3319,96551
3320,-45807
3321,-44391
3322,-46057
3323,28948
3324,20960
3325,27953
3326,27953
3327,27953
3328,94969
3329,79132
3330,5448
3331,58464
3332,27352
3333,-45140
3334,-46140
3335,27953
3336,27953
3337,29404
3338,20876
3339,40462
3340,23626
3341,79715
3342,29176
3343,28036
3344,59547
3345,21126
3346,-45557
3347,-45557
3348,-46140
3349,18960
3350,27953
3351,23875
3352,81131
3353,27497
3354,100633
3355,77716
3356,19710
3357,27580
3358,22709
3359,28036
3360,60130
3361,81631
3362,-45557
3363,-45140
3364,-44974
3365,8696
3366,27953
3367,98884
3368,57298
3369,39212
3370,29176
3371,94802
3372,95218
3373,81881
3374,75800
3375,-44724
3376,-44474
3377,-46057
3378,41211
3379,27786
3380,58547
3381,40712
3382,100383
3383,27580
3384,58631
3385,62213
3386,79215
3387,79049
3388,82214
3389,76966
3390,-44807
3391,38296
3392,27953
3393,24958
3394,30460
3395,62796
3396,56964
3397,27352
3398,42711
3399,96635
3400,-45307
3401,-45807
3402,-44224
3403,-45390
3404,-45390
3405,28948
3406,43377
3407,97634
3408,27786
3409,39379
3410,43127
3411,17275
3412,60797
3413,29176
3414,27497
3415,29176
3416,27786
3417,27953
3418,18691
3419,27870
3420,18108
3421,4199
3422,4615
3423,-1333
3424,22605
3425,13943
3426,-1333
3427,-45224
3428,-45807
3429,-45890
3430,-44724
3431,-45973
3432,-46057
3433,-46057
3434,96052
3435,41961
3436,27497
3437,59297
3438,4366
3439,101217
3440,29176
3441,29176
3442,27352
3443,41545
3444,24792
3445,81298
3446,-45890
3447,98384
3448,29176
3449,29176
3450,60380
3451,30543
3452,76383
3453,38462
3454,-44474
3455,-45474
3456,94635
3457,27953
3458,27953
3459,27953
3460,27786
3461,27786
3462,27786
3463,41378
3464,18794
3465,42794
3466,97134
3467,30999
3468,98051
3469,25542
3470,-45224
3471,-44474
3472,-44557
3473,57631
3474,29404
3475,27580
3476,39962
3477,21543
3478,57548
3479,96468
3480,44127
3481,14110
3482,-45390
3483,27953
3484,27953
3485,27953
3486,23459
3487,29776
3488,29776
3489,78632
3490,30999
3491,-45224
3492,-46140
3493,-44224
3494,-45390
3495,79882
3496,61713
3497,19294
3498,78132
3499,25042
3500,63296
3501,19127
3502,63046
3503,79465
3504,-45557
3505,-45307
3506,-45640
3507,-44724
3508,38046
3509,77216
3510,9370
3511,27497
3512,27497
3513,42878
3514,40795
3515,29632
3516,100717
3517,29176
3518,61546
3519,58131
3520,58297
3521,97218
3522,28036
3523,100550
3524,-45807
3525,-46140
3526,-46140
3527,-45474
3528,17358
3529,99967
3530,97468
3531,9779
3532,27870
3533,76883
3534,62713
3535,30999
3536,20627
3537,82131
3538,-19460
3539,22938
3540,5365
3541,28948
3542,17441
3543,18274
3544,5282
3545,29632
3546,13194
3547,9446
3548,13360
3549,28948
3550,21772
3551,-45890
3552,-44307
3553,-45140
3554,-44974
3555,43794
3556,60213
3557,27953
3558,27953
3559,57464
3560,21293
3561,41711
3562,24125
3563,27580
3564,27580
3565,42128
3566,37879
3567,43294
3568,22293
3569,23376
3570,99051
3571,97968
3572,28036
3573,17941
3574,27953
3575,97884
3576,40961
3577,27870
3578,22626
3579,43960
3580,-45640
3581,-45807
3582,-44307
3583,-44807
3584,-45973
3585,-44391
3586,-45723
3587,22876
3588,27953
3589,62129
3590,29404
3591,58714
3592,27870
3593,27870
3594,19210
3595,23959
3596,-45474
3597,28948
3598,42544
3599,27953
3600,43044
3601,63212
3602,39545
3603,81548
3604,78382
3605,76133
3606,22772
3607,24042
3608,20377
3609,-45307
3610,-45307
3611,-44807
3612,27953
3613,77883
3614,79632
3615,61630
3616,-45224
3617,-44724
3618,-46140
3619,-46140
3620,-44557
3621,27953
3622,27953
3623,22376
3624,29404
3625,57214
3626,56798
3627,27870
3628,98134
3629,61463
3630,59047
3631,29176
3632,78466
3633,-45557
3634,-45307
3635,-44307
3636,-45973
3637,-45723
3638,-46057
3639,62629
3640,27953
3641,27953
3642,95135
3643,21605
3644,76216
3645,27352
3646,39712
3647,30999
3648,-44890
3649,-45973
3650,-44391
3651,27953
3652,29404
3653,58214
3654,39462
3655,4949
3656,40378
3657,96801
3658,29176
3659,57131
3660,30916
3661,21939
3662,18607
3663,9863
3664,14360
3665,10029
3666,28948
3667,27953
3668,27953
3669,5032
3670,18024
3671,4449
3672,21522
3673,-44224
3674,-44224
3675,40628
3676,80465
3677,28036
3678,-45890
3679,-46140
3680,-45390
3681,-45390
3682,98717
3683,98551
3684,27786
3685,27786
3686,29404
3687,99634
3688,27497
3689,56715
3690,77299
3691,27352
3692,30999
3693,81715
3694,21876
3695,-44224
3696,38712
3697,42211
3698,27953
3699,95302
3700,9279
3701,18877
3702,94885
3703,21710
3704,21460
3705,97384
3706,38379
3707,-45890
3708,-44724
3709,-44474
3710,-45474
3711,-44641
3712,28948
3713,27953
3714,39129
3715,95552
3716,76550
3717,29404
3718,27497
3719,42461
3720,27352
3721,-44307
3722,100050
3723,27953
3724,42628
3725,43461
3726,100217
3727,4865
3728,61213
3729,27352
3730,43877
3731,-44890
3732,-45140
3733,-44807
3734,42294
3735,27953
3736,27497
3737,98467
3738,22272
3739,81965
3740,28036
3741,-44391
3742,28948
3743,27953
3744,27786
3745,95968
3746,96968
3747,29176
3748,-45807
3749,-46057
3750,-44641
3751,27953
3752,27953
3753,78549
3754,62463
3755,12944
3756,28036
3757,-1333
3758,22855
3759,9030
3760,27786
3761,22522
3762,8946
3763,13777
3764,9363
3765,4699
3766,4532
3767,5532
3768,-1333
3769,18191
3770,14277
3771,29776
3772,27786
3773,8780
3774,5199
3775,-1333
3776,-45557
3777,-45973
3778,-44641
3779,-44641
3780,22209
3781,96718
3782,27786
3783,24209
3784,60547
3785,78299
3786,28036
3787,-46057
3788,78716
3789,77633
3790,27953
3791,27953
3792,99300
3793,59464
3794,29404
3795,77799
3796,60047
3797,23042
3798,29176
3799,27352
3800,77383
3801,-44807
3802,-44557
3803,27497
3804,42378
3805,22189
3806,78049
3807,37962
3808,60630
3809,94385
3810,29176
3811,62379
3812,27352
3813,81381
3814,-44974
3815,-44641
3816,37796
3817,27953
3818,27953
3819,27497
3820,39795
3821,80965
3822,-45890
3823,-44474
3824,-45474
3825,-45390
3826,95885
3827,76300
3828,41878
3829,62046
3830,63129
3831,27497
3832,44210
3833,59214
3834,41461
3835,27580
3836,62296
3837,22126
3838,20543
3839,27352
3840,43711
3841,-44391
3842,-44224
3843,27953
3844,38879
3845,20293
3846,95468
3847,27870
3848,38129
3849,63379
3850,29176
3851,76050
3852,-44724
3853,-44974
3854,-44974
3855,-45973
3856,-44641
3857,-45057
3858,28948
3859,27953
3860,95718
3861,27497
3862,25208
3863,77466
3864,99467
3865,60713
3866,8613
3867,41045
3868,22543
3869,75966
3870,-45807
3871,-45140
3872,-44641
3873,99800
3874,28948
3875,57381
3876,27953
3877,60463
3878,57798
3879,23292
3880,77049
3881,38212
3882,38546
3883,29176
3884,22355
3885,17774
3886,18358
3887,29176
3888,22022
3889,12860
3890,27953
3891,18524
3892,5115
3893,29176
3894,13444
3895,14027
3896,8863
3897,29776
3898,-45640
3899,-45474
3900,-44557
3901,-44557
3902,-45390
3903,-45057
3904,97051
3905,58797
3906,29404
3907,96885
3908,57714
3909,76633
3910,27352
3911,21793
3912,79799
3913,-44307
3914,-44724
3915,-45474
3916,28948
3917,28948
3918,27953
3919,79299
3920,76800
3921,56881
3922,78966
3923,97718
3924,20793
3925,58047
3926,-44890
3927,-44890
3928,27953
3929,27953
3930,27953
3931,61796
3932,101133
3933,40545
3934,27580
3935,24375
3936,23126
3937,-45557
3938,-44307
3939,-45057
3940,23542
3941,27953
3942,27953
3943,59797
3944,29404
3945,19044
3946,29176
3947,18710
3948,28036
3949,38795
3950,80798
3951,-44807
3952,-44974
3953,-44974
3954,-45057
3955,27953
3956,78216
3957,99217
3958,57964
3959,96385
3960,27352
3961,28036
3962,28036
3963,39295
3964,-45307
3965,-45723
3966,-45057
3967,61296
3968,27870
3969,27870
3970,99884
3971,41628
3972,75717
3973,29176
3974,80632
3975,-45140
3976,-44391
3977,-44557
3978,100134
3979,25458
3980,19544
3981,27870
3982,44294
3983,29176
3984,28036
3985,100467
3986,59130
3987,61046
3988,29176
3989,-44307
3990,-45474
3991,98634
3992,27953
3993,27953
3994,99550
3995,59380
3996,27786
3997,77549
3998,25375
3999,58964
4000,13527
4001,41128
4002,30999
4003,5698
4004,9696
4005,8039
4006,27580
4007,6540
4008,27124
4009,29132
4010,535
4011,6873
4012,5290
4013,6956
4014,5290
4015,8039
4016,4707
4017,8206
4018,7206
4019,7123
4020,4124
4021,6206
4022,868
4023,28264
4024,7539
4025,6540
4026,17651
4027,456
4028,7706
4029,6456
4030,8206
4031,6373
4032,3624
4033,6290
4034,3457
4035,28549
4036,6040
4037,7623
4038,4124
4039,7539
4040,5040
4041,5956
4042,7123
4043,3707
4044,4207
4045,4624
4046,5123
4047,27124
4048,5040
4049,4207
4050,5707
4051,27580
4052,7706
4053,5956
4054,7789
4055,27124
4056,6123
4057,8122
4058,6899
4059,6123
4060,6123
4061,4457
4062,373
4063,373
4064,8122
4065,6540
4066,28159
4067,5707
4068,7289
4069,7872
4070,5457
4071,27580
4072,6040
4073,368
4074,7706
4075,19843
4076,8039
4077,5123
4078,6456
4079,28264
4080,7623
4081,8122
4082,20010
4083,7123
4084,3541
4085,35
4086,5457
4087,5040
4088,29465
4089,-17671
4090,29215
4091,7373
4092,7289
4093,-45561
4094,6290
4095,6290
4096,4790
4097,-45333
4098,6206
4099,4207
4100,5373
4101,5623
4102,6540
4103,7539
4104,8039
4105,7539
4106,7789
4107,8039
4108,7456
4109,1140
4110,7039
4111,7206
4112,4457
4113,5707
4114,27808
4115,4290
4116,4624
4117,5956
4118,20843
4119,5373
4120,4957
4121,6373
4122,7123
4123,7123
4124,7456
4125,456
4126,6206
4127,5457
4128,5207
4129,5207
4130,1368
4131,8039
4132,7206
4133,7206
4134,5707
4135,118
4136,7123
4137,7456
4138,3541
4139,7956
4140,4290
4141,7623
4142,7539
4143,7539
4144,4040
4145,6540
4146,3624
4147,8122
4148,8122
4149,3457
4150,-299
4151,7456
4152,7456
4153,5290
4154,6873
4155,7456
4156,3957
4157,4707
4158,7623
4159,20176
4160,28799
4161,5207
4162,4540
4163,7206
4164,27124
4165,3707
4166,7706
4167,6373
4168,5207
4169,7872
4170,5373
4171,4040
4172,7706
4173,7039
4174,27352
4175,7039
4176,5873
4177,6873
4178,4207
4179,5707
4180,6040
4181,5540
4182,7206
4183,8122
4184,7623
4185,8039
4186,5790
4187,5790
4188,7123
4189,5956
4190,6206
4191,6456
4192,7539
4193,5956
4194,6123
4195,3624
4196,5040
4197,28049
4198,8206
4199,7956
4200,5790
4201,5707
4202,7623
4203,7956
4204,4790
4205,4957
4206,7289
4207,6873
4208,7456
4209,3457
4210,5956
4211,3874
4212,27632
4213,20926
4214,4040
4215,8206
4216,27580
4217,8206
4218,5790
4219,6206
4220,8206
4221,7289
4222,7956
4223,8039
4224,8206
4225,29382
4226,6456
4227,29299
4228,4624
4229,28264
4230,28264
4231,-632
4232,7373
4233,7539
4234,20426
4235,7789
4236,5790
4237,8122
4238,17651
4239,17651
4240,7456
4241,28465
4242,-45106
4243,28632
4244,-17671
4245,4040
4246,7373
4247,17506
4248,8206
4249,5707
4250,7123
4251,7539
4252,289
4253,3457
4254,5956
4255,29632
4256,4457
4257,7289
4258,7872
4259,1140
4260,6123
4261,6206
4262,7289
4263,8039
4264,7456
4265,7956
4266,27580
4267,6456
4268,5623
4269,28299
4270,8039
4271,8206
4272,4873
4273,373
4274,19427
4275,4790
4276,4957
4277,20676
4278,4540
4279,8122
4280,3707
4281,7456
4282,6873
4283,7456
4284,3541
4285,4290
4286,4873
4287,-632
4288,7872
4289,701
4290,4124
4291,1284
4292,7123
4293,17651
4294,-17671
4295,4207
4296,8039
4297,5956
4298,7872
4299,5373
4300,6290
4301,6540
4302,7789
4303,3624
4304,4957
4305,4540
4306,8122
4307,6373
4308,3707
4309,8122
4310,3957
4311,7289
4312,6873
4313,6540
4314,7872
4315,28264
4316,1140
4317,6040
4318,6790
4319,7706
4320,7956
4321,6873
4322,8122
4323,27352
4324,27580
4325,3957
4326,289
4327,4790
4328,7289
4329,7956
4330,6456
4331,27124
4332,7956
4333,5873
4334,6373
4335,4207
4336,29632
4337,7706
4338,6540
4339,4207
4340,7289
4341,6206
4342,8122
4343,28036
4344,5956
4345,3541
4346,1034
4347,4040
4348,4040
4349,3790
4350,6040
4351,5290
4352,8206
4353,27808
4354,5790
4355,29632
4356,6373
4357,6123
4358,5956
4359,6123
4360,3874
4361,5123
4362,7539
4363,289
4364,3957
4365,29049
4366,-382
4367,7956
4368,7206
4369,28036
4370,21176
4371,7872
4372,4790
4373,7539
4374,5873
4375,28715
4376,5707
4377,5790
4378,6040
4379,5707
4380,5707
4381,7456
4382,3541
4383,1140
4384,7289
4385,3957
4386,6206
4387,5290
4388,27716
4389,28299
4390,29548
4391,28216
4392,29299
4393,28382
4394,28715
4395,27549
4396,29132
4397,7373
4398,-16987
4399,-45561
4400,17506
4401,6290
4402,-16987
4403,28036
4404,5956
4405,6623
4406,7539
4407,5123
4408,7706
4409,27124
4410,5707
4411,6456
4412,7956
4413,7789
4414,8206
4415,6540
4416,7706
4417,7706
4418,8122
4419,-16987
4420,7623
4421,6040
4422,5540
4423,4707
4424,8206
4425,4624
4426,4457
4427,7623
4428,5873
4429,27580
4430,27799
4431,7789
4432,27580
4433,7789
4434,5790
4435,6040
4436,29215
4437,7289
4438,5207
4439,8039
4440,8039
4441,28492
4442,5956
4443,4457
4444,7872
4445,4790
4446,7539
4447,17651
4448,8122
4449,7706
4450,7706
4451,7706
4452,6873
4453,7706
4454,6206
4455,3874
4456,5623
4457,27808
4458,4290
4459,451
4460,4707
4461,-132
4462,28264
4463,27580
4464,6706
4465,4374
4466,6040
4467,28216
4468,6040
4469,20093
4470,6206
4471,8206
4472,7539
4473,27580
4474,7123
4475,6206
4476,7289
4477,7956
4478,6456
4479,4457
4480,373
4481,951
4482,27352
4483,-548
4484,6456
4485,28264
4486,784
4487,7706
4488,7872
4489,4957
4490,5873
4491,5040
4492,7706
4493,6540
4494,7206
4495,3624
4496,7872
4497,28005
4498,5623
4499,4040
4500,3457
4501,4540
4502,-215
4503,3790
4504,28632
4505,4790
4506,4290
4507,5457
4508,7206
4509,618
4510,-299
4511,3457
4512,27580
4513,5207
4514,7623
4515,6206
4516,6373
4517,7206
4518,5623
4519,4624
4520,4290
4521,5623
4522,5540
4523,6873
4524,8122
4525,27580
4526,3790
4527,6206
4528,3624
4529,6040
4530,289
4531,5457
4532,1284
4533,6123
4534,6040
4535,456
4536,27580
4537,7956
4538,7956
4539,8039
4540,5123
4541,5123
4542,6456
4543,373
4544,7206
4545,4624
4546,4624
4547,28264
4548,28382
4549,21426
4550,7623
4551,6540
4552,5790
4553,5707
4554,1140
4555,5040
4556,5040
4557,27799
4558,28132
4559,-17671
4560,29382
4561,6290
4562,6290
4563,6290
4564,-16987
4565,27124
4566,-45333
4567,6540
4568,4873
4569,4957
4570,6456
4571,7123
4572,7456
4573,7956
4574,8122
4575,228
4576,5457
4577,5540
4578,8206
4579,7956
4580,8039
4581,27124
4582,7206
4583,27882
4584,5956
4585,4457
4586,4457
4587,7872
4588,6123
4589,5790
4590,6040
4591,3874
4592,7956
4593,5623
4594,5540
4595,4707
4596,4707
4597,8206
4598,7872
4599,7872
4600,3790
4601,5873
4602,6706
4603,7789
4604,951
4605,7039
4606,5707
4607,6040
4608,7289
4609,6873
4610,7706
4611,6873
4612,5623
4613,5540
4614,6456
4615,7206
4616,7373
4617,7539
4618,6540
4619,5707
4620,6373
4621,7123
4622,5040
4623,28409
4624,27580
4625,6123
4626,373
4627,7789
4628,27124
4629,5790
4630,6623
4631,6540
4632,5207
4633,4873
4634,7373
4635,4873
4636,5457
4637,373
4638,3874
4639,6206
4640,27580
4641,7956
4642,7623
4643,27716
4644,1368
4645,6373
4646,20343
4647,-16987
4648,7206
4649,4624
4650,3957
4651,5540
4652,-215
4653,7789
4654,8206
4655,7289
4656,4290
4657,5207
4658,7289
4659,5956
4660,5123
4661,8039
4662,3624
4663,3541
4664,6873
4665,5873
4666,19760
4667,7623
4668,7956
4669,6790
4670,27580
4671,29548
4672,27580
4673,27580
4674,8039
4675,27580
4676,5123
4677,6373
4678,5873
4679,5956
4680,27580
4681,6123
4682,201
4683,456
4684,7206
4685,7789
4686,17651
4687,5707
4688,8039
4689,27580
4690,5623
4691,28036
4692,11505
4693,3790
4694,7539
4695,6123
4696,6540
4697,20593
4698,5707
4699,7123
4700,5707
4701,6873
4702,5290
4703,4207
4704,27966
4705,-45106
4706,7123
4707,5707
4708,27632
4709,6290
4710,7789
4711,-45561
4712,-45561
4713,7539
4714,6290
4715,27580
4716,8039
4717,6456
4718,7123
4719,7706
4720,7789
4721,7789
4722,228
4723,3790
4724,6040
4725,7123
4726,7623
4727,5707
4728,6873
4729,7623
4730,8122
4731,3707
4732,6873
4733,7789
4734,7956
4735,6123
4736,6206
4737,8122
4738,373
4739,6123
4740,27808
4741,27808
4742,4873
4743,6790
4744,289
4745,5873
4746,6123
4747,6290
4748,8122
4749,118
4750,5790
4751,7289
4752,5290
4753,5457
4754,7956
4755,27808
4756,7872
4757,3790
4758,7623
4759,7623
4760,7539
4761,27966
4762,4540
4763,7789
4764,4957
4765,5790
4766,456
4767,7456
4768,3957
4769,6206
4770,8039
4771,6456
4772,7872
4773,27352
4774,6123
4775,27580
4776,6290
4777,27580
4778,8122
4779,7706
4780,3874
4781,3707
4782,6540
4783,7872
4784,7289
4785,1140
4786,6040
4787,7539
4788,4457
4789,6873
4790,3457
4791,27580
4792,20260
4793,4124
4794,285
4795,6540
4796,5707
4797,3957
4798,8122
4799,6040
4800,6373
4801,6040
4802,6456
4803,21009
4804,7123
4805,8122
4806,701
4807,6456
4808,1140
4809,5373
4810,4624
4811,4957
4812,21259
4813,6873
4814,5956
4815,7789
4816,6123
4817,6706
4818,4290
4819,27549
4820,456
4821,7623
4822,6540
4823,3707
4824,7206
4825,7206
4826,27580
4827,6206
4828,8039
4829,8039
4830,4290
4831,27580
4832,7123
4833,5540
4834,21343
4835,7539
4836,6123
4837,4790
4838,5040
4839,7956
4840,28465
4841,8206
4842,4873
4843,0
4844,1034
4845,19510
4846,7623
4847,6123
4848,456
4849,6873
4850,6206
4851,3874
4852,5290
4853,-45106
4854,28049
4855,6290
4856,27882
4857,28799
4858,5873
4859,7373
4860,7373
4861,7373
4862,7373
4863,7373
4864,7706
4865,6290
4866,6290
4867,6290
4868,-45333
4869,7872
4870,4707
4871,5956
4872,6456
4873,7623
4874,8039
4875,8206
4876,7289
4877,7456
4878,5956
4879,6123
4880,7623
4881,7872
4882,5040
4883,6040
4884,6206
4885,289
4886,373
4887,6873
4888,7956
4889,5540
4890,4873
4891,5956
4892,4957
4893,6123
4894,4124
4895,6816
4896,7066
4897,7706
4898,6873
4899,7289
4900,6873
4901,6206
4902,6206
4903,28132
4904,8206
4905,6456
4906,6456
4907,5373
4908,7623
4909,5873
4910,1201
4911,7789
4912,6540
4913,7123
4914,5707
4915,1140
4916,7706
4917,7456
4918,5207
4919,8039
4920,4873
4921,1118
4922,7623
4923,7539
4924,4540
4925,7789
4926,6540
4927,4540
4928,6540
4929,29465
4930,7123
4931,4124
4932,27124
4933,7289
4934,6873
4935,6873
4936,5457
4937,6206
4938,373
4939,5707
4940,7206
4941,7789
4942,5873
4943,7706
4944,4457
4945,8039
4946,7789
4947,5873
4948,373
4949,5123
4950,6373
4951,7789
4952,456
4953,17506
4954,5373
4955,7123
4956,5123
4957,21093
4958,7123
4959,1140
4960,201
4961,6456
4962,3457
4963,8206
4964,3541
4965,5873
4966,19593
4967,5873
4968,27124
4969,3457
4970,5457
4971,6373
4972,7789
4973,8206
4974,228
4975,5623
4976,27580
4977,17506
4978,19927
4979,3790
4980,285
4981,28005
4982,7623
4983,7956
4984,6623
4985,17506
4986,6123
4987,7872
4988,7206
4989,4540
4990,6873
4991,20510
4992,5290
4993,5040
4994,5540
4995,7539
4996,28242
4997,5873
4998,4873
4999,-49
5000,4707
5001,6040
5002,4290
5003,8122
5004,1140
5005,27580
5006,7539
5007,27808
5008,8039
5009,8206
5010,6456
5011,5956
5012,7373
5013,5873
5014,4040
5015,7123
5016,3707
5017,7289
5018,7456
5019,7456
5020,456
5021,7289
5022,3874
5023,-45106
5024,7123
5025,7206
5026,8122
5027,6040
5028,6206
5029,7123
5030,27352
5031,6873
5032,-45333
5033,7206
5034,7456
5035,373
5036,28325
5037,6040
5038,7206
5039,7623
5040,29632
5041,6456
5042,8206
5043,3957
5044,5290
5045,7206
5046,7706
5047,7872
5048,8206
5049,6456
5050,7789
5051,-49
5052,5207
5053,5956
5054,6123
5055,6206
5056,3957
5057,228
5058,4873
5059,27352
5060,289
5061,4790
5062,7789
5063,3707
5064,5790
5065,6373
5066,5707
5067,4124
5068,7456
5069,7456
5070,7289
5071,7456
5072,4207
5073,5623
5074,27808
5075,4707
5076,6733
5077,8206
5078,7206
5079,28264
5080,7373
5081,7539
5082,27580
5083,6123
5084,6540
5085,27580
5086,6540
5087,4124
5088,6040
5089,7123
5090,6040
5091,7456
5092,7289
5093,20760
5094,4207
5095,6456
5096,28264
5097,6790
5098,3790
5099,7539
5100,6540
5101,3624
5102,5707
5103,3707
5104,3541
5105,4707
5106,17506
5107,7872
5108,19677
5109,3457
5110,8039
5111,5457
5112,4624
5113,7123
5114,27580
5115,8206
5116,3790
5117,7789
5118,17506
5119,5956
5120,6456
5121,5956
5122,7789
5123,5207
5124,27580
5125,5290
5126,7289
5127,7539
5128,5790
5129,4207
5130,7872
5131,-465
5132,7623
5133,6456
5134,368
5135,27580
5136,5707
5137,1201
5138,7956
5139,7872
5140,7456
5141,8122
5142,4540
5143,4457
5144,3790
5145,5373
5146,7872
5147,784
5148,7206
5149,5373
5150,6123
5151,3541
5152,5373
5153,28882
5154,7706
5155,4124
5156,6040
5157,6123
5158,5123
5159,4707
5160,27580
5161,4457
5162,5540
5163,6540
5164,5707
5165,7872
5166,5790
5167,6456
5168,-16987
5169,7623
5170,5956
5171,3874
5172,8122
5173,29632
5174,7456
5175,28965
5176,27352
5177,27580
5178,6123
5179,6540
5180,7123
5181,6373
5182,6983
5183,7706
5184,7456
5185,6873
5186,3874
5187,28549
5188,6290
5189,28965
5190,7373
5191,7373
5192,-45561
5193,17506
5194,6290
5195,7872
5196,6540
5197,-45333
5198,6206
5199,7289
5200,8122
5201,4624
5202,7039
5203,7289
5204,8122
5205,28325
5206,7623
5207,7706
5208,6040
5209,6206
5210,6873
5211,8039
5212,7872
5213,8206
5214,373
5215,4540
5216,4957
5217,11505
5218,29632
5219,7123
5220,7539
5221,28264
5222,3874
5223,4010
5224,4677
5225,4177
5226,5926
5227,12537
5228,5093
5229,5427
5230,3927
5231,3927
5232,4260
5233,4510
5234,4177
5235,-772
5236,12764
5237,4593
5238,5760
5239,5760
5240,3927
5241,4510
5242,4094
5243,4927
5244,4344
5245,4344
5246,5260
5247,4593
5248,4260
5249,4260
5250,-605
5251,5177
5252,5177
5253,5510
5254,5510
5255,5510
5256,4510
5257,-439
5258,-1022
5259,5760
5260,-1438
5261,5593
5262,5593
5263,4510
5264,4177
5265,4927
5266,4927
5267,5926
5268,4760
5269,4427
5270,5177
5271,5593
5272,4177
5273,4094
5274,5843
5275,4427
5276,5343
5277,5343
5278,4843
5279,4843
5280,5593
5281,5593
5282,5593
5283,61
5284,4927
5285,4344
5286,12764
5287,-522
5288,5093
5289,5093
5290,5343
5291,5343
5292,5010
5293,4677
5294,4677
5295,4677
5296,4094
5297,5926
5298,5843
5299,4344
5300,4760
5301,4760
5302,11625
5303,5760
5304,4177
5305,5010
5306,12764
5307,4510
5308,5843
5309,5093
5310,5260
5311,4344
5312,4677
5313,5926
5314,12764
5315,5093
5316,5926
5317,4260
5318,4760
5319,4010
5320,4593
5321,5510
5322,12081
5323,4177
5324,4510
5325,4260
5326,-1438
5327,5177
5328,5510
5329,4510
5330,4177
5331,4094
5332,5843
5333,-189
5334,4427
5335,4427
5336,5343
5337,4593
5338,4260
5339,4010
5340,12081
5341,12081
5342,4927
5343,4344
5344,-105
5345,5260
5346,5260
5347,5676
5348,5093
5349,5093
5350,5093
5351,5010
5352,3927
5353,4260
5354,4010
5355,5510
5356,4344
5357,4760
5358,4593
5359,5010
5360,5010
5361,4260
5362,4260
5363,5593
5364,0
5365,4677
5366,4927
5367,4927
5368,5843
5369,4344
5370,4344
5371,4760
5372,4427
5373,5260
5374,5093
5375,5343
5376,4593
5377,5010
5378,3927
5379,3927
5380,4260
5381,5177
5382,4677
5383,4177
5384,5843
5385,4760
5386,-355
5387,4427
5388,11625
5389,5177
5390,5510
5391,4677
5392,4677
5393,4510
5394,4510
5395,4177
5396,4927
5397,5926
5398,12764
5399,4427
5400,-439
5401,5676
5402,5676
5403,5093
5404,12992
5405,4843
5406,4843
5407,5760
5408,5760
5409,228
5410,-1605
5411,4010
5412,4677
5413,4510
5414,4510
5415,4094
5416,5926
5417,4760
5418,12764
5419,4427
5420,5260
5421,5260
5422,5676
5423,5676
5424,5093
5425,5093
5426,5343
5427,4593
5428,5760
5429,5760
5430,5760
5431,4260
5432,-1522
5433,5593
5434,4677
5435,4677
5436,12081
5437,5843
5438,4760
5439,-1771
5440,5010
5441,-1188
5442,-272
5443,5260
5444,5343
5445,5926
5446,4593
5447,5177
5448,12081
5449,5760
5450,12081
5451,3927
5452,4344
5453,5010
5454,4010
5455,5510
5456,5593
5457,4094
5458,5926
5459,5926
5460,4427
5461,5010
5462,145
5463,4260
5464,4927
5465,5843
5466,5676
5467,5676
5468,5676
5469,5010
5470,5010
5471,4843
5472,4260
5473,4010
5474,5177
5475,5510
5476,4094
5477,5926
5478,5926
5479,4344
5480,4760
5481,4760
5482,4593
5483,4593
5484,5760
5485,5760
5486,5760
5487,4260
5488,4010
5489,5510
5490,5593
5491,5593
5492,5593
5493,4177
5494,5843
5495,-22
5496,-355
5497,5260
5498,5093
5499,5093
5500,5343
5501,5343
5502,4843
5503,5760
5504,3927
5505,11853
5506,4010
5507,5177
5508,4510
5509,4510
5510,4510
5511,4177
5512,-272
5513,5926
5514,4760
5515,4760
5516,5093
5517,5343
5518,4593
5519,4593
5520,4843
5521,4843
5522,5510
5523,5510
5524,5593
5525,4677
5526,4677
5527,4344
5528,4344
5529,5260
5530,5676
5531,-1355
5532,12992
5533,5010
5534,3927
5535,3927
5536,5510
5537,4677
5538,12081
5539,4094
5540,5843
5541,5843
5542,4344
5543,4760
5544,4760
5545,-189
5546,5260
5547,5676
5548,5343
5549,-1022
5550,5760
5551,3927
5552,4260
5553,11853
5554,4010
5555,11997
5556,5510
5557,5593
5558,4510
5559,4510
5560,12081
5561,12081
5562,5843
5563,5676
5564,5676
5565,4593
5566,5010
5567,5010
5568,5010
5569,11625
5570,-688
5571,3927
5572,12764
5573,5926
5574,5926
5575,4094
5576,4843
5577,4427
5578,5593
5579,4510
5580,4677
5581,4677
5582,5260
5583,12081
5584,4760
5585,5926
5586,4094
5587,5343
5588,4094
5589,4427
5590,5093
5591,4260
5592,5177
5593,4510
5594,4177
5595,4094
5596,4094
5597,-272
5598,5843
5599,12764
5600,5676
5601,5093
5602,12992
5603,5010
5604,4843
5605,-688
5606,5760
5607,4260
5608,-605
5609,4010
5610,5593
5611,0
5612,4177
5613,4177
5614,12081
5615,5926
5616,5010
5617,4843
5618,4843
5619,4260
5620,12081
5621,-522
5622,4593
5623,4593
5624,4260
5625,5510
5626,4677
5627,4927
5628,4760
5629,12764
5630,5676
5631,4593
5632,5760
5633,3927
5634,5593
5635,4760
5636,-355
5637,12992
5638,5010
5639,5010
5640,5760
5641,3927
5642,3927
5643,4677
5644,-1688
5645,4094
5646,5926
5647,12537
5648,-105
5649,4760
5650,4427
5651,5093
5652,5343
5653,5010
5654,4843
5655,3927
5656,4260
5657,4344
5658,4344
5659,5260
5660,5676
5661,5676
5662,5343
5663,-1355
5664,4593
5665,4843
5666,4843
5667,11853
5668,4010
5669,11997
5670,5510
5671,4510
5672,4927
5673,4927
5674,4927
5675,5926
5676,5843
5677,4344
5678,4760
5679,4760
5680,4427
5681,4427
5682,4427
5683,5260
5684,5676
5685,12992
5686,5010
5687,11625
5688,4843
5689,4843
5690,12081
5691,4927
5692,4927
5693,5926
5694,4177
5695,4177
5696,4843
5697,5177
5698,5676
5699,4260
5700,5843
5701,4593
5702,5760
5703,4427
5704,5177
5705,5177
5706,4177
5707,4177
5708,-855
5709,12081
5710,4094
5711,5843
5712,4760
5713,5343
5714,4843
5715,5760
5716,4010
5717,5177
5718,4677
5719,4677
5720,4927
5721,4593
5722,4593
5723,0
5724,4177
5725,4177
5726,4094
5727,-772
5728,5843
5729,4843
5730,4843
5731,3927
5732,3927
5733,4260
5734,-605
5735,4010
5736,11997
5737,5593
5738,4510
5739,5843
5740,5843
5741,5843
5742,4344
5743,12537
5744,4760
5745,4760
5746,4427
5747,4427
5748,5676
5749,4677
5750,4510
5751,12081
5752,4094
5753,4927
5754,5843
5755,4344
5756,12764
5757,4427
5758,-439
5759,5676
5760,5093
5761,12992
5762,5010
5763,4843
5764,5760
5765,5177
5766,5177
5767,-1522
5768,11997
5769,5510
5770,4510
5771,4177
5772,12081
5773,4927
5774,12764
5775,5093
5776,-1771
5777,5010
5778,5760
5779,-1188
5780,4010
5781,5177
5782,5593
5783,4177
5784,12081
5785,4094
5786,4927
5787,5926
5788,5843
5789,4344
5790,4344
5791,-105
5792,4760
5793,4593
5794,3927
5795,4260
5796,11853
5797,5510
5798,5593
5799,5593
5800,-855
5801,-522
5802,5093
5803,5093
5804,5343
5805,4010
5806,5510
5807,4593
5808,4010
5809,4094
5810,4843
5811,4927
5812,5260
5813,5510
5814,5760
5815,12081
5816,5093
5817,5593
5818,4677
5819,4094
5820,4927
5821,4927
5822,5843
5823,5260
5824,5676
5825,5093
5826,5343
5827,5343
5828,4843
5829,5760
5830,-1438
5831,5510
5832,5593
5833,0
5834,4677
5835,4510
5836,5926
5837,5843
5838,12764
5839,5010
5840,4260
5841,11853
5842,4010
5843,5510
5844,0
5845,4760
5846,4427
5847,4427
5848,5343
5849,5760
5850,3927
5851,3927
5852,4010
5853,5177
5854,5510
5855,4677
5856,4177
5857,4094
5858,5926
5859,4427
5860,5260
5861,-1355
5862,228
5863,5510
5864,-938
5865,4510
5866,4510
5867,12081
5868,4094
5869,4094
5870,5926
5871,4344
5872,4760
5873,4427
5874,4427
5875,5260
5876,5260
5877,5093
5878,5343
5879,4593
5880,4593
5881,4843
5882,4260
5883,5177
5884,5177
5885,5510
5886,5593
5887,0
5888,-938
5889,12081
5890,4094
5891,4094
5892,-1272
5893,5843
5894,4760
5895,5260
5896,5260
5897,5343
5898,4593
5899,5010
5900,5010
5901,145
5902,4677
5903,4177
5904,5926
5905,4760
5906,5260
5907,228
5908,4010
5909,5177
5910,5510
5911,4510
5912,4177
5913,12081
5914,12081
5915,4927
5916,5676
5917,5093
5918,5093
5919,3927
5920,12081
5921,0
5922,5593
5923,4677
5924,4010
5925,5260
5926,5676
5927,5843
5928,4427
5929,4593
5930,4010
5931,4094
5932,4344
5933,5343
5934,4927
5935,5510
5936,3927
5937,4760
5938,5177
5939,5760
5940,4677
5941,4010
5942,-1522
5943,4677
5944,4677
5945,12081
5946,5926
5947,-22
5948,5260
5949,5093
5950,4593
5951,4843
5952,5760
5953,4260
5954,4010
5955,4510
5956,12081
5957,5843
5958,4427
5959,4427
5960,4427
5961,5260
5962,5093
5963,5093
5964,5343
5965,5343
5966,-1022
5967,4593
5968,4843
5969,-688
5970,4010
5971,5177
5972,5593
5973,5593
5974,61
5975,4510
5976,4927
5977,5843
5978,5343
5979,11853
5980,5177
5981,5510
5982,4177
5983,-1688
5984,12081
5985,4760
5986,5260
5987,4010
5988,-938
5989,4510
5990,4094
5991,-1272
5992,5926
5993,4344
5994,12537
5995,-189
5996,5676
5997,-1105
5998,-1105
5999,4593
6000,11625
6001,4843
6002,3927
6003,4010
6004,4010
6005,5177
6006,4510
6007,4177
6008,-855
6009,12081
6010,4094
6011,4927
6012,5843
6013,4344
6014,4344
6015,4760
6016,4593
6017,4843
6018,4843
6019,3927
6020,4260
6021,4010
6022,4010
6023,5177
6024,4094
6025,4927
6026,4344
6027,4760
6028,5260
6029,5010
6030,145
6031,5177
6032,4677
6033,61
6034,4094
6035,4344
6036,12537
6037,4760
6038,5260
6039,5760
6040,12081
6041,12081
6042,5177
6043,12764
6044,12081
6045,5593
6046,4427
6047,5010
6048,5343
6049,4010
6050,4260
6051,4510
6052,4760
6053,3927
6054,4843
6055,4260
6056,5010
6057,5760
6058,5843
6059,4760
6060,5593
6061,12764
6062,5177
6063,5010
6064,5843
6065,11997
6066,5510
6067,4677
6068,4677
6069,-1688
6070,4094
6071,-772
6072,4927
6073,4927
6074,5926
6075,4344
6076,4760
6077,-22
6078,4427
6079,4427
6080,5676
6081,5343
6082,3927
6083,11853
6084,11997
6085,4677
6086,4177
6087,5926
6088,5676
6089,5676
6090,5010
6091,11625
6092,5760
6093,3927
6094,4260
6095,11997
6096,5510
6097,4094
6098,4927
6099,5926
6100,5843
6101,4760
6102,5260
6103,5676
6104,3927
6105,4260
6106,12081
6107,12081
6108,4927
6109,4344
6110,4427
6111,5676
6112,5093
6113,-1105
6114,5343
6115,4843
6116,3927
6117,4010
6118,5177
6119,5510
6120,5260
6121,5260
6122,-1771
6123,4593
6124,3927
6125,-1605
6126,5593
6127,5593
6128,12081
6129,4927
6130,4344
6131,4760
6132,5260
6133,5343
6134,5343
6135,5010
6136,4843
6137,11853
6138,-1605
6139,5177
6140,5177
6141,4510
6142,4177
6143,12081
6144,4094
6145,-1272
6146,5926
6147,5926
6148,5843
6149,4760
6150,5676
6151,5093
6152,5093
6153,4593
6154,4593
6155,5010
6156,5760
6157,4260
6158,4260
6159,11853
6160,4010
6161,5510
6162,5510
6163,5593
6164,4510
6165,4177
6166,4177
6167,4177
6168,12081
6169,5926
6170,12537
6171,5343
6172,5427
6173,5760
6174,-1188
6175,0
6176,12537
6177,12081
6178,5676
6179,3927
6180,5676
6181,4177
6182,5177
6183,5676
6184,12081
6185,4760
6186,5593
6187,4344
6188,12764
6189,4510
6190,4927
6191,-833
6192,-583
6193,32612
6194,37723
6195,8389
6196,37806
6197,31113
6198,-2249
6199,5672
6200,12720
6201,-1666
6202,-1083
6203,-500
6204,-1999
6205,-583
6206,32945
6207,-2083
6208,31946
6209,38806
6210,6005
6211,6005
6212,32529
6213,-1833
6214,33029
6215,46740
6216,-1749
6217,10721
6218,-916
6219,-1000
6220,31279
6221,32446
6222,6505
6223,48095
6224,-1583
6225,32779
6226,-417
6227,37223
6228,37890
6229,6338
6230,-1833
6231,-1833
6232,47867
6233,38889
6234,9305
6235,51605
6236,-2333
6237,47906
6238,51355
6239,-1000
6240,5172
6241,38973
6242,-1666
6243,-250
6244,-1999
6245,-1999
6246,4755
6247,32112
6248,-833
6249,-167
6250,8722
6251,4672
6252,5422
6253,-2083
6254,-2083
6255,-2083
6256,-2083
6257,32696
6258,6005
6259,6088
6260,37890
6261,37890
6262,39433
6263,39433
6264,6422
6265,6422
6266,39661
6267,-333
6268,-333
6269,20346
6270,38473
6271,38473
6272,33279
6273,6588
6274,-2333
6275,-1500
6276,37556
6277,31613
6278,4839
6279,-1666
6280,-1083
6281,39389
6282,-250
6283,46573
6284,-500
6285,-1999
6286,-583
6287,47639
6288,48095
6289,6255
6290,32696
6291,6005
6292,33195
6293,47867
6294,47867
6295,6422
6296,-1749
6297,6588
6298,37306
6299,37306
6300,-916
6301,-2333
6302,-1000
6303,11471
6304,-83
6305,39139
6306,-1333
6307,39722
6308,-833
6309,39222
6310,47639
6311,32446
6312,39806
6313,32945
6314,7972
6315,6088
6316,37223
6317,39306
6318,33195
6319,32362
6320,-1833
6321,7222
6322,32196
6323,46740
6324,39661
6325,-250
6326,31529
6327,-750
6328,11221
6329,5588
6330,39556
6331,32696
6332,38556
6333,-1166
6334,32529
6335,5505
6336,6838
6337,-1000
6338,-1000
6339,31779
6340,38639
6341,39056
6342,39056
6343,46656
6344,-2083
6345,-2083
6346,6671
6347,-1166
6348,33195
6349,33195
6350,32279
6351,37723
6352,39433
6353,32862
6354,32862
6355,-1749
6356,5505
6357,39472
6358,-1416
6359,31279
6360,31279
6361,38639
6362,-83
6363,38056
6364,8055
6365,-1999
6366,31196
6367,32446
6368,32529
6369,31446
6370,31529
6371,33279
6372,31779
6373,31863
6374,31613
6375,-250
6376,52022
6377,47573
6378,52438
6379,51438
6380,51438
6381,53854
6382,53354
6383,52022
6384,53021
6385,-417
6386,53271
6387,53354
6388,46573
6389,31696
6390,28943
6391,31279
6392,32612
6393,31779
6394,5672
6395,-1583
6396,33112
6397,32112
6398,6755
6399,6422
6400,-1166
6401,9805
6402,31863
6403,32112
6404,32945
6405,-583
6406,9888
6407,39639
6408,48095
6409,38806
6410,-417
6411,38556
6412,39306
6413,-1166
6414,32279
6415,6172
6416,-1833
6417,39433
6418,5838
6419,32196
6420,0
6421,39661
6422,32862
6423,51605
6424,-1749
6425,37806
6426,6588
6427,-666
6428,-666
6429,6838
6430,-1000
6431,9222
6432,38639
6433,38639
6434,-2166
6435,37973
6436,-250
6437,39139
6438,11971
6439,-1250
6440,6505
6441,13220
6442,6255
6443,31946
6444,32779
6445,37890
6446,6422
6447,38889
6448,5755
6449,4922
6450,-666
6451,-916
6452,-1500
6453,-2249
6454,5672
6455,31613
6456,38639
6457,-2166
6458,-250
6459,-250
6460,4589
6461,31363
6462,-750
6463,31863
6464,-500
6465,-833
6466,-167
6467,-583
6468,-583
6469,46656
6470,32446
6471,48073
6472,-1583
6473,31196
6474,-2083
6475,-2083
6476,32362
6477,-1833
6478,33029
6479,31446
6480,-1916
6481,-333
6482,-666
6483,-2249
6484,37556
6485,51355
6486,5005
6487,-750
6488,-2416
6489,-1333
6490,-1333
6491,-833
6492,-833
6493,38139
6494,5422
6495,38806
6496,32696
6497,6338
6498,6338
6499,47867
6500,5339
6501,46740
6502,5755
6503,38473
6504,-666
6505,-2333
6506,5005
6507,5005
6508,38639
6509,-2166
6510,-250
6511,38056
6512,38389
6513,-750
6514,32112
6515,-833
6516,37473
6517,39806
6518,5588
6519,5422
6520,32279
6521,12304
6522,-19960
6523,38889
6524,-1916
6525,31113
6526,33279
6527,-2249
6528,31779
6529,38639
6530,38639
6531,38639
6532,-2166
6533,38306
6534,-750
6535,-2416
6536,-1333
6537,-1999
6538,37473
6539,-167
6540,38139
6541,32945
6542,47656
6543,6671
6544,32779
6545,-417
6546,-417
6547,32696
6548,39306
6549,32029
6550,5089
6551,38889
6552,5838
6553,5255
6554,0
6555,39661
6556,4922
6557,-333
6558,-1749
6559,-1749
6560,5505
6561,-916
6562,-2249
6563,31279
6564,-2166
6565,38223
6566,6755
6567,37140
6568,-1333
6569,37473
6570,-167
6571,31696
6572,-583
6573,7555
6574,32779
6575,6088
6576,39306
6577,32279
6578,5089
6579,38889
6580,5255
6581,0
6582,46740
6583,-1749
6584,31113
6585,-2333
6586,-1500
6587,-1500
6588,38639
6589,-2166
6590,39389
6591,38223
6592,-500
6593,-1999
6594,-1999
6595,-833
6596,-583
6597,5922
6598,47639
6599,47639
6600,39806
6601,31946
6602,32696
6603,37223
6604,-1166
6605,6172
6606,-1833
6607,-1833
6608,-1916
6609,-333
6610,-1749
6611,38473
6612,12137
6613,-1500
6614,11054
6615,-1416
6616,5172
6617,5172
6618,-1666
6619,-250
6620,-250
6621,38056
6622,29526
6623,47073
6624,46823
6625,37140
6626,-1333
6627,31279
6628,31363
6629,33279
6630,32029
6631,31696
6632,-250
6633,-1333
6634,5588
6635,32112
6636,53604
6637,53938
6638,52355
6639,51522
6640,53188
6641,46740
6642,31196
6643,5922
6644,32446
6645,32446
6646,32862
6647,33279
6648,-583
6649,38139
6650,38223
6651,31946
6652,33195
6653,31613
6654,-2333
6655,-2249
6656,-833
6657,6088
6658,31696
6659,32862
6660,33195
6661,31446
6662,-167
6663,-2083
6664,-417
6665,-417
6666,47867
6667,32196
6668,38473
6669,31113
6670,-666
6671,-916
6672,-2333
6673,29776
6674,-2166
6675,6755
6676,6755
6677,46823
6678,10138
6679,-1333
6680,-833
6681,-833
6682,47639
6683,39639
6684,5422
6685,-2083
6686,31946
6687,37223
6688,32279
6689,6338
6690,39433
6691,6422
6692,47823
6693,5838
6694,32862
6695,-1916
6696,37390
6697,-916
6698,-2249
6699,-1000
6700,5005
6701,11388
6702,20512
6703,-1666
6704,-1083
6705,-750
6706,-750
6707,-1333
6708,-1333
6709,39722
6710,39056
6711,4672
6712,4672
6713,-2083
6714,-417
6715,-417
6716,47867
6717,39433
6718,0
6719,5505
6720,33279
6721,-666
6722,-1500
6723,31279
6724,5172
6725,4839
6726,-1666
6727,-1083
6728,-250
6729,47989
6730,-167
6731,-583
6732,6505
6733,48095
6734,6255
6735,5422
6736,31196
6737,37890
6738,33112
6739,33195
6740,6338
6741,5755
6742,-1916
6743,31113
6744,33279
6745,-666
6746,-666
6747,39889
6748,-1416
6749,-1083
6750,-1083
6751,31529
6752,-500
6753,-500
6754,-1999
6755,47156
6756,-167
6757,-583
6758,32945
6759,4672
6760,6255
6761,-417
6762,7722
6763,6172
6764,-1833
6765,47867
6766,33029
6767,31446
6768,38473
6769,-666
6770,-916
6771,-2333
6772,39889
6773,9555
6774,31279
6775,-83
6776,-250
6777,-250
6778,-500
6779,-1333
6780,-1999
6781,4755
6782,-1250
6783,-167
6784,11637
6785,32945
6786,32945
6787,4672
6788,-1583
6789,32612
6790,32612
6791,32029
6792,38889
6793,5255
6794,38473
6795,33279
6796,37306
6797,-666
6798,-916
6799,-2249
6800,-2249
6801,-1000
6802,-83
6803,-1083
6804,-1083
6805,39139
6806,38389
6807,31363
6808,31363
6809,31529
6810,-2416
6811,-1999
6812,-167
6813,-1583
6814,5422
6815,29027
6816,6671
6817,-417
6818,-1166
6819,7306
6820,-1833
6821,39433
6822,33029
6823,8888
6824,5255
6825,-1916
6826,-1916
6827,-1916
6828,-333
6829,-1749
6830,-666
6831,38723
6832,-916
6833,-916
6834,38639
6835,-2166
6836,-2166
6837,-2166
6838,-250
6839,-500
6840,37140
6841,47639
6842,47489
6843,39639
6844,32945
6845,-1583
6846,-2083
6847,32779
6848,-417
6849,38556
6850,47406
6851,39306
6852,6338
6853,5255
6854,39661
6855,-1916
6856,-1916
6857,-1749
6858,31113
6859,-666
6860,-916
6861,11887
6862,31779
6863,38639
6864,38639
6865,-83
6866,-83
6867,-83
6868,-2166
6869,-2166
6870,37973
6871,4755
6872,32279
6873,33029
6874,31113
6875,31696
6876,31779
6877,31779
6878,33029
6879,31279
6880,32112
6881,32112
6882,32696
6883,-83
6884,-250
6885,52688
6886,52188
6887,51438
6888,46490
6889,47323
6890,53271
6891,53105
6892,51522
6893,52272
6894,52688
6895,52855
6896,52938
6897,51688
6898,47656
6899,46490
6900,31363
6901,32196
6902,31196
6903,31196
6904,31529
6905,32529
6906,5422
6907,6172
6908,-1250
6909,-583
6910,32196
6911,33112
6912,-1916
6913,31613
6914,31613
6915,31863
6916,32362
6917,9721
6918,31529
6919,31696
6920,-833
6921,-833
6922,-833
6923,10471
6924,39222
6925,-583
6926,-1583
6927,5588
6928,32779
6929,-417
6930,-1166
6931,0
6932,39661
6933,-1916
6934,-333
6935,-1749
6936,5505
6937,38473
6938,-2249
6939,-1416
6940,-1000
6941,38639
6942,38639
6943,-1666
6944,-1083
6945,4589
6946,31863
6947,32112
6948,-167
6949,48095
6950,4672
6951,-2083
6952,32696
6953,38556
6954,-1166
6955,32279
6956,6172
6957,37723
6958,37723
6959,47867
6960,32862
6961,-1916
6962,-1916
6963,-333
6964,38473
6965,37806
6966,-2333
6967,-1500
6968,-1500
6969,9388
6970,38223
6971,-2416
6972,-20126
6973,-1250
6974,-167
6975,-583
6976,6505
6977,31196
6978,39556
6979,32779
6980,-417
6981,13137
6982,32029
6983,10971
6984,5255
6985,11304
6986,4922
6987,38723
6988,-916
6989,-2333
6990,-2249
6991,-1416
6992,-83
6993,39389
6994,4589
6995,38389
6996,38389
6997,31529
6998,-1333
6999,-1250
7000,-1250
7001,39222
7002,38139
7003,39639
7004,-1583
7005,32612
7006,6338
7007,33029
7008,5838
7009,46740
7010,-1749
7011,38473
7012,38473
7013,31113
7014,-2333
7015,39889
7016,31279
7017,38639
7018,38639
7019,-83
7020,-500
7021,37140
7022,37140
7023,-2083
7024,-2083
7025,6671
7026,12387
7027,32529
7028,29360
7029,32029
7030,33029
7031,33029
7032,37640
7033,-1916
7034,-333
7035,38473
7036,31113
7037,-666
7038,37556
7039,4839
7040,4839
7041,38639
7042,-1083
7043,37973
7044,39389
7045,31529
7046,-1333
7047,-1999
7048,47639
7049,6505
7050,48239
7051,-1166
7052,32529
7053,33112
7054,32362
7055,5255
7056,32196
7057,32196
7058,-1916
7059,-1916
7060,-916
7061,-2333
7062,5672
7063,-250
7064,-750
7065,-2416
7066,-1333
7067,-1333
7068,-1999
7069,-1999
7070,-833
7071,38139
7072,31196
7073,31946
7074,32612
7075,6005
7076,38556
7077,-1166
7078,-1833
7079,47867
7080,47867
7081,6422
7082,31446
7083,0
7084,5339
7085,-333
7086,-1749
7087,38473
7088,31113
7089,-2333
7090,6838
7091,-1000
7092,4839
7093,-1083
7094,-1083
7095,4589
7096,46573
7097,-750
7098,31863
7099,-2416
7100,-833
7101,5922
7102,-2083
7103,39556
7104,6088
7105,6088
7106,7805
7107,-1166
7108,32529
7109,32279
7110,39433
7111,5755
7112,5755
7113,-1916
7114,-666
7115,31779
7116,38639
7117,-1666
7118,-2166
7119,4589
7120,31529
7121,37140
7122,-1999
7123,-1999
7124,4755
7125,32446
7126,32779
7127,32945
7128,31946
7129,32196
7130,32529
7131,32779
7132,33112
7133,33112
7134,38639
7135,32029
7136,46823
7137,54021
7138,51938
7139,51605
7140,51772
7141,54021
7142,31113
7143,31279
7144,6838
7145,38389
7146,32112
7147,33112
7148,32612
7149,32779
7150,31613
7151,32612
7152,32279
7153,32696
7154,32945
7155,31113
7156,9055
7157,4589
7158,-1999
7159,-1250
7160,5922
7161,32446
7162,32945
7163,6671
7164,6671
7165,9472
7166,32362
7167,32029
7168,13054
7169,31446
7170,5089
7171,5838
7172,0
7173,5755
7174,4922
7175,5505
7176,5505
7177,39472
7178,-916
7179,-2249
7180,5672
7181,39889
7182,-1666
7183,-1083
7184,10888
7185,38389
7186,31363
7187,47573
7188,-2416
7189,32446
7190,32446
7191,6505
7192,-1583
7193,-1583
7194,5588
7195,31946
7196,33112
7197,33112
7198,33195
7199,5838
7200,5339
7201,46740
7202,39661
7203,-333
7204,37806
7205,6588
7206,37306
7207,-666
7208,-666
7209,39889
7210,5005
7211,5005
7212,38639
7213,-1666
7214,38223
7215,38389
7216,-500
7217,37140
7218,-833
7219,-1250
7220,39222
7221,-167
7222,5922
7223,5922
7224,39639
7225,5588
7226,39556
7227,-1166
7228,-1166
7229,33112
7230,-1833
7231,47867
7232,5838
7233,0
7234,5339
7235,5505
7236,33279
7237,48156
7238,-2249
7239,-2249
7240,51355
7241,33228
7242,-1416
7243,31279
7244,31613
7245,-2166
7246,6755
7247,-750
7248,-2416
7249,4755
7250,-167
7251,-167
7252,5588
7253,6005
7254,37223
7255,38556
7256,39306
7257,33195
7258,33195
7259,47867
7260,31446
7261,0
7262,-333
7263,-333
7264,37306
7265,-2249
7266,51355
7267,5672
7268,5672
7269,38056
7270,31363
7271,-2416
7272,-500
7273,-583
7274,39639
7275,11138
7276,32779
7277,32279
7278,29610
7279,-1833
7280,47867
7281,32029
7282,39433
7283,33279
7284,33279
7285,31613
7286,-1666
7287,31363
7288,-750
7289,-500
7290,-1999
7291,-167
7292,47739
7293,29193
7294,48095
7295,-1583
7296,5422
7297,10804
7298,37640
7299,0
7300,0
7301,32862
7302,32862
7303,32862
7304,37306
7305,38723
7306,-2249
7307,-1000
7308,-250
7309,9138
7310,38056
7311,38223
7312,31363
7313,-750
7314,-2416
7315,32112
7316,-833
7317,-833
7318,-167
7319,48095
7320,48095
7321,-2083
7322,37223
7323,38556
7324,38556
7325,32529
7326,47867
7327,32029
7328,6422
7329,31446
7330,32196
7331,0
7332,39661
7333,4922
7334,4922
7335,-333
7336,-1749
7337,-1749
7338,6588
7339,-666
7340,-916
7341,-2249
7342,-1416
7343,31779
7344,38639
7345,-2166
7346,-2166
7347,38223
7348,38389
7349,6755
7350,-2416
7351,-500
7352,-1333
7353,-1333
7354,47156
7355,-583
7356,-583
7357,32446
7358,28693
7359,-1583
7360,-1583
7361,-417
7362,6088
7363,6088
7364,47867
7365,32029
7366,32029
7367,31446
7368,5089
7369,-1500
7370,6838
7371,-1416
7372,38389
7373,-750
7374,-2416
7375,-2416
7376,31363
7377,32279
7378,32945
7379,33112
7380,32862
7381,31196
7382,31113
7383,53438
7384,53604
7385,46990
7386,47489
7387,47073
7388,52605
7389,48323
7390,51605
7391,53438
7392,51855
7393,53771
7394,51855
7395,52355
7396,53688
7397,46740
7398,31446
7399,31779
7400,8972
7401,31946
7402,32196
7403,33279
7404,32779
7405,32862
7406,-1833
7407,32029
7408,31779
7409,32362
7410,33112
7411,5588
7412,5255
7413,32362
7414,31279
7415,-83
7416,47639
7417,6505
7418,-1583
7419,32612
7420,37223
7421,6338
7422,47867
7423,33029
7424,5339
7425,39661
7426,-1916
7427,-1916
7428,6588
7429,5672
7430,38639
7431,39389
7432,-2416
7433,-500
7434,4755
7435,31696
7436,5922
7437,-1583
7438,-1583
7439,31946
7440,-417
7441,6088
7442,37223
7443,37223
7444,38556
7445,-1166
7446,6172
7447,6172
7448,32362
7449,47867
7450,5089
7451,29860
7452,5505
7453,-2249
7454,37556
7455,-1416
7456,31363
7457,6755
7458,31529
7459,-750
7460,31863
7461,5922
7462,6255
7463,31196
7464,32362
7465,32362
7466,33029
7467,32196
7468,39661
7469,38473
7470,39472
7471,38723
7472,-916
7473,37556
7474,31279
7475,38973
7476,-83
7477,-83
7478,-2166
7479,38306
7480,-750
7481,31863
7482,-500
7483,37140
7484,37140
7485,12970
7486,-1999
7487,32112
7488,31696
7489,48095
7490,31196
7491,31196
7492,6671
7493,-417
7494,32279
7495,32362
7496,10221
7497,46990
7498,5838
7499,5755
7500,-333
7501,-1749
7502,38473
7503,31113
7504,38723
7505,-2333
7506,-1500
7507,-1000
7508,-83
7509,-2166
7510,11721
7511,8139
7512,31363
7513,31529
7514,31529
7515,-500
7516,4755
7517,8472
7518,-1583
7519,9971
7520,32529
7521,-1833
7522,5089
7523,5255
7524,46740
7525,-1916
7526,4922
7527,-1749
7528,6588
7529,5672
7530,31613
7531,-2166
7532,31363
7533,-500
7534,-833
7535,39806
7536,39806
7537,32945
7538,39556
7539,12054
7540,47240
7541,-1166
7542,-1166
7543,32362
7544,39433
7545,5755
7546,38473
7547,31113
7548,33279
7549,37306
7550,37390
7551,-2249
7552,6838
7553,31279
7554,31779
7555,-1083
7556,4589
7557,4589
7558,38223
7559,12221
7560,-750
7561,37140
7562,37140
7563,-1999
7564,39722
7565,-833
7566,-1250
7567,31696
7568,7472
7569,-2083
7570,32612
7571,-417
7572,37223
7573,38556
7574,-1166
7575,6172
7576,39433
7577,37640
7578,5838
7579,5339
7580,38473
7581,38473
7582,-2333
7583,-1416
7584,-1000
7585,5172
7586,38973
7587,-1666
7588,-2166
7589,39139
7590,-500
7591,37140
7592,-1250
7593,47639
7594,12554
7595,4672
7596,5588
7597,39556
7598,47240
7599,-1166
7600,-1166
7601,32529
7602,33195
7603,10388
7604,31446
7605,-333
7606,-333
7607,-1749
7608,38473
7609,-666
7610,-2333
7611,4839
7612,-1666
7613,-83
7614,-83
7615,-1083
7616,37973
7617,38056
7618,-500
7619,39056
7620,32112
7621,32862
7622,32029
7623,32612
7624,32196
7625,32696
7626,-1250
7627,5005
7628,53854
7629,51272
7630,53938
7631,51938
7632,52521
7633,52105
7634,52438
7635,52771
7636,5588
7637,31946
7638,31446
7639,5755
7640,6005
7641,5838
7642,32279
7643,32529
7644,32696
7645,32029
7646,31363
7647,32529
7648,33279
7649,4839
7650,37473
7651,-833
7652,-1250
7653,-583
7654,46656
7655,-1583
7656,5588
7657,-2083
7658,-417
7659,37223
7660,39433
7661,6422
7662,29693
7663,0
7664,5339
7665,39661
7666,-1916
7667,-333
7668,38723
7669,-2333
7670,31613
7671,5172
7672,38223
7673,31529
7674,-2416
7675,37140
7676,-1999
7677,-167
7678,46656
7679,47639
7680,6505
7681,10305
7682,32945
7683,6005
7684,37223
7685,7639
7686,-1833
7687,37640
7688,39472
7689,-916
7690,31779
7691,-2166
7692,6755
7693,37140
7694,-1333
7695,-1250
7696,-167
7697,32446
7698,-1583
7699,-2083
7700,48239
7701,38806
7702,6671
7703,-417
7704,37223
7705,38556
7706,-1166
7707,-1166
7708,33112
7709,46906
7710,39661
7711,-1916
7712,-333
7713,-1749
7714,-666
7715,38723
7716,-2333
7717,-1000
7718,5172
7719,38639
7720,-500
7721,37140
7722,-1333
7723,-167
7724,31696
7725,6505
7726,6255
7727,32779
7728,6088
7729,37223
7730,33195
7731,37640
7732,31446
7733,0
7734,0
7735,0
7736,-1916
7737,39472
7738,-666
7739,37390
7740,-916
7741,-2333
7742,-2249
7743,-1416
7744,38973
7745,4839
7746,12471
7747,-1083
7748,37973
7749,6755
7750,46823
7751,-1333
7752,39722
7753,11554
7754,32112
7755,-583
7756,4672
7757,-1583
7758,5422
7759,31196
7760,-2083
7761,32696
7762,8222
7763,32196
7764,0
7765,-333
7766,39472
7767,37390
7768,-1500
7769,51355
7770,6838
7771,38973
7772,31779
7773,-250
7774,31863
7775,37140
7776,37140
7777,39056
7778,39222
7779,-583
7780,32446
7781,38139
7782,39806
7783,12887
7784,32612
7785,32696
7786,37223
7787,37223
7788,8305
7789,0
7790,-1916
7791,-666
7792,-916
7793,38639
7794,38056
7795,38389
7796,37140
7797,48095
7798,-1583
7799,6255
7800,31946
7801,38806
7802,32279
7803,29740
7804,-1916
7805,4922
7806,4922
7807,37806
7808,6588
7809,-916
7810,-2333
7811,-1500
7812,-1500
7813,-2249
7814,-2249
7815,-2249
7816,37556
7817,7889
7818,-1000
7819,-1000
7820,4839
7821,-1666
7822,-83
7823,31529
7824,-750
7825,-750
7826,46823
7827,-2416
7828,-167
7829,31696
7830,48095
7831,6255
7832,-417
7833,11804
7834,48323
7835,38556
7836,32529
7837,6422
7838,37640
7839,5339
7840,-666
7841,-666
7842,28860
7843,-1500
7844,-1000
7845,5005
7846,4839
7847,-1666
7848,-250
7849,39139
7850,39139
7851,10638
7852,31863
7853,39056
7854,31446
7855,32362
7856,33195
7857,33279
7858,32696
7859,32362
7860,33029
7861,32862
7862,31529
7863,32945
7864,-750
7865,53771
7866,52605
7867,52105
7868,53105
7869,53188
7870,33562
7871,52855
7872,52272
7873,47823
7874,-1666
7875,46656
7876,46740
7877,53521
7878,31863
7879,32446
7880,32529
7881,32779
7882,39433
7883,32196
7884,5089
7885,5755
7886,-2249
7887,-83
7888,31113
7889,32279
7890,4922
7891,31363
7892,6588
7893,31529
7894,33195
7895,-1250
7896,-583
7897,32446
7898,31946
7899,-417
7900,29110
7901,33195
7902,6338
7903,0
7904,46740
7905,-1916
7906,-1749
7907,-916
7908,31613
7909,12804
7910,38639
7911,-2166
7912,-1083
7913,-250
7914,4589
7915,38306
7916,-2416
7917,-500
7918,-1333
7919,-1999
7920,-1999
7921,4755
7922,-833
7923,-1250
7924,31696
7925,48095
7926,-1583
7927,-1583
7928,38806
7929,32779
7930,6005
7931,32362
7932,-1833
7933,47867
7934,47867
7935,-1749
7936,33279
7937,6838
7938,6838
7939,39889
7940,38639
7941,-2166
7942,37973
7943,39389
7944,-250
7945,10555
7946,31863
7947,39722
7948,32112
7949,31946
7950,29277
7951,-1166
7952,32279
7953,6172
7954,37723
7955,-1833
7956,47867
7957,5089
7958,-1749
7959,47906
7960,31613
7961,38973
7962,31779
7963,38639
7964,-1666
7965,-1666
7966,-83
7967,-2166
7968,-1083
7969,8805
7970,6755
7971,-1250
7972,37473
7973,39222
7974,47639
7975,5588
7976,32612
7977,37223
7978,32529
7979,33112
7980,47323
7981,37723
7982,33029
7983,31446
7984,-666
7985,37390
7986,-2249
7987,5005
7988,-1083
7989,-250
7990,-750
7991,31863
7992,-2416
7993,-2416
7994,-1333
7995,-1999
7996,39722
7997,31696
7998,31696
7999,-583
8000,32446
8001,8555
8002,-417
8003,37723
8004,47867
8005,29443
8006,32029
8007,33029
8008,-1916
8009,6838
8010,-1666
8011,-1666
8012,-2166
8013,-1083
8014,-750
8015,31863
8016,-1999
8017,32112
8018,-833
8019,7389
8020,10055
8021,31196
8022,-2083
8023,32612
8024,32779
8025,32696
8026,33112
8027,-1833
8028,47867
8029,0
8030,-333
8031,37390
8032,-1000
8033,31779
8034,38639
8035,-1999
8036,32112
8037,5922
8038,-1583
8039,9638
8040,6255
8041,8638
8042,-2083
8043,-417
8044,37223
8045,-1833
8046,47867
8047,37640
8048,32862
8049,51605
8050,-333
8051,37806
8052,33279
8053,-666
8054,-916
8055,-2333
8056,-1500
8057,38223
8058,38223
8059,38389
8060,31363
8061,-500
8062,-1999
8063,-833
8064,37473
8065,31696
8066,12637
8067,32945
8068,-2083
8069,32612
8070,38556
8071,33112
8072,5089
8073,32196
8074,5339
8075,32862
8076,32862
8077,-333
8078,6588
8079,-2249
8080,31613
8081,38639
8082,-83
8083,-1083
8084,-1083
8085,-250
8086,-250
8087,-500
8088,28777
8089,31946
8090,32612
8091,33195
8092,33195
8093,31613
8094,32779
8095,31863
8096,32696
8097,53688
8098,52521
8099,53521
8100,47739
8101,52771
8102,52188
8103,51522
8104,47989
8105,52938
8106,53021
8107,-12538
8108,46740
8109,48073
8110,33029
8111,6505
8112,32029
8113,32945
8114,5005
8115,6172
8116,32696
8117,33029
8118,6338
8119,6671
8120,-1500
8121,31946
8122,5588
8123,5588
8124,37473
8125,38223
8126,33029
8127,6255
8128,-1833
8129,-1066
8130,5549
8131,5216
8132,-66
8133,5632
8134,-649
8135,4549
8136,4300
8137,17
8138,4466
8139,17
8140,601
8141,101
8142,-899
8143,6132
8144,-1066
8145,6049
8146,5882
8147,-399
8148,-399
8149,5632
8150,4300
8151,184
8152,4549
8153,601
8154,17
8155,434
8156,4716
8157,101
8158,-1066
8159,4883
8160,-399
8161,-149
8162,-233
8163,-982
8164,-233
8165,4466
8166,-732
8167,-482
8168,5299
8169,517
8170,5049
8171,101
8172,101
8173,267
8174,-149
8175,-149
8176,601
8177,434
8178,434
8179,5299
8180,101
8181,684
8182,5383
8183,4883
8184,4633
8185,4966
8186,5466
8187,-649
8188,-233
8189,-982
8190,456
8191,6382
8192,601
8193,-732
8194,-732
8195,101
8196,-899
8197,-1066
8198,351
8199,4633
8200,-1149
8201,601
8202,-816
8203,-482
8204,4716
8205,0
8206,101
8207,6132
8208,-316
8209,5383
8210,-399
8211,6299
8212,4799
8213,4799
8214,-66
8215,-66
8216,-649
8217,-649
8218,228
8219,4716
8220,-899
8221,6132
8222,351
8223,-316
8224,5549
8225,5383
8226,4633
8227,-399
8228,5799
8229,5799
8230,-732
8231,5049
8232,4966
8233,4799
8234,5133
8235,5299
8236,-1066
8237,5216
8238,5383
8239,5466
8240,5716
8241,5216
8242,4383
8243,4383
8244,4466
8245,4799
8246,4466
8247,-17899
8248,5632
8249,5966
8250,6216
8251,4383
8252,4633
8253,4633
8254,4966
8255,5049
8256,5299
8257,5799
8258,4716
8259,5216
8260,5549
8261,5799
8262,6049
8263,4383
8264,4466
8265,5466
8266,5966
8267,684
8268,4716
8269,-316
8270,6216
8271,5882
8272,5882
8273,5216
8274,4799
8275,-982
8276,4383
8277,6154
8278,601
8279,-482
8280,517
8281,5049
8282,5716
8283,5716
8284,684
8285,-399
8286,5799
8287,6299
8288,-66
8289,4383
8290,4549
8291,4549
8292,184
8293,4549
8294,17
8295,-732
8296,517
8297,5299
8298,5133
8299,351
8300,684
8301,5549
8302,4883
8303,5466
8304,184
8305,-816
8306,-482
8307,17
8308,6132
8309,5383
8310,5216
8311,-66
8312,-649
8313,6382
8314,-233
8315,17
8316,601
8317,-732
8318,5049
8319,-899
8320,5383
8321,6049
8322,-149
8323,4799
8324,5966
8325,-649
8326,4549
8327,434
8328,434
8329,4716
8330,517
8331,4716
8332,6132
8333,5549
8334,4633
8335,5216
8336,-66
8337,-66
8338,4383
8339,-482
8340,4466
8341,6154
8342,5716
8343,-316
8344,5383
8345,-399
8346,-66
8347,5632
8348,-233
8349,6382
8350,-482
8351,-482
8352,4716
8353,517
8354,5133
8355,5133
8356,-899
8357,684
8358,5549
8359,-399
8360,-66
8361,434
8362,5299
8363,4716
8364,517
8365,5049
8366,-816
8367,5133
8368,6216
8369,5216
8370,267
8371,4883
8372,5632
8373,5799
8374,5966
8375,6132
8376,6216
8377,5299
8378,5383
8379,5549
8380,6216
8381,6216
8382,4549
8383,4716
8384,184
8385,4966
8386,5882
8387,6132
8388,6132
8389,5299
8390,5299
8391,5632
8392,5716
8393,5716
8394,5799
8395,5882
8396,5882
8397,4549
8398,4633
8399,4716
8400,4383
8401,4633
8402,5882
8403,4383
8404,4383
8405,6049
8406,601
8407,4300
8408,5882
8409,4300
8410,5133
8411,101
8412,267
8413,-316
8414,684
8415,5926
8416,5882
8417,-149
8418,-149
8419,5966
8420,5966
8421,4383
8422,184
8423,-5590
8424,434
8425,6154
8426,601
8427,5049
8428,-566
8429,5049
8430,-566
8431,351
8432,684
8433,5216
8434,-149
8435,-149
8436,4300
8437,-233
8438,6154
8439,-482
8440,-566
8441,0
8442,5299
8443,267
8444,-316
8445,6216
8446,5882
8447,-649
8448,4966
8449,-982
8450,228
8451,-566
8452,517
8453,5383
8454,4633
8455,6049
8456,6049
8457,4799
8458,5632
8459,4966
8460,5466
8461,-982
8462,-233
8463,6382
8464,6382
8465,-482
8466,228
8467,434
8468,5049
8469,-566
8470,351
8471,4633
8472,-399
8473,5799
8474,-5840
8475,4549
8476,4383
8477,-566
8478,5299
8479,5716
8480,101
8481,267
8482,351
8483,684
8484,6216
8485,6216
8486,5799
8487,6299
8488,-982
8489,4549
8490,-816
8491,4466
8492,-732
8493,-566
8494,-566
8495,5133
8496,267
8497,6049
8498,6049
8499,-399
8500,4799
8501,4799
8502,-66
8503,-66
8504,5632
8505,5966
8506,5466
8507,-649
8508,-233
8509,184
8510,4549
8511,-732
8512,4716
8513,101
8514,-899
8515,-899
8516,684
8517,6049
8518,5216
8519,-399
8520,5632
8521,5466
8522,4383
8523,4383
8524,-482
8525,17
8526,5049
8527,5632
8528,4966
8529,-316
8530,6154
8531,5799
8532,5466
8533,5632
8534,6216
8535,5799
8536,6132
8537,4633
8538,4633
8539,5299
8540,4549
8541,5632
8542,6049
8543,5799
8544,5716
8545,5966
8546,5549
8547,4383
8548,4383
8549,4633
8550,4716
8551,4799
8552,4799
8553,5466
8554,5799
8555,4466
8556,6132
8557,-566
8558,684
8559,4633
8560,4633
8561,5299
8562,5966
8563,6216
8564,4466
8565,4883
8566,4966
8567,267
8568,-316
8569,684
8570,684
8571,4883
8572,4633
8573,-399
8574,-149
8575,-149
8576,4799
8577,-66
8578,-649
8579,-649
8580,6154
8581,5716
8582,-899
8583,-1066
8584,-316
8585,-316
8586,684
8587,684
8588,5926
8589,5216
8590,-399
8591,-66
8592,-982
8593,-982
8594,6154
8595,-732
8596,-816
8597,517
8598,6132
8599,-316
8600,-316
8601,6216
8602,5549
8603,5383
8604,4633
8605,6049
8606,5799
8607,4799
8608,4300
8609,-233
8610,456
8611,-732
8612,5299
8613,5383
8614,601
8615,228
8616,434
8617,5049
8618,-566
8619,6132
8620,-1066
8621,351
8622,684
8623,4883
8624,5383
8625,5799
8626,5632
8627,5966
8628,5966
8629,-1149
8630,456
8631,-233
8632,601
8633,17
8634,-816
8635,5049
8636,5133
8637,351
8638,5549
8639,4633
8640,6049
8641,5882
8642,5882
8643,5799
8644,184
8645,4549
8646,-982
8647,6154
8648,601
8649,517
8650,517
8651,517
8652,5716
8653,6132
8654,267
8655,684
8656,5549
8657,4883
8658,5383
8659,-149
8660,-149
8661,5466
8662,184
8663,184
8664,17
8665,-816
8666,517
8667,5133
8668,351
8669,684
8670,6216
8671,5549
8672,5383
8673,4633
8674,6299
8675,5966
8676,-649
8677,184
8678,-482
8679,5049
8680,517
8681,4716
8682,-233
8683,6154
8684,6154
8685,4799
8686,4966
8687,5466
8688,5716
8689,5049
8690,5216
8691,5882
8692,5299
8693,5716
8694,6299
8695,-482
8696,228
8697,4633
8698,4716
8699,4799
8700,5216
8701,5299
8702,17
8703,4633
8704,4799
8705,4883
8706,5383
8707,4383
8708,4716
8709,4716
8710,5716
8711,6049
8712,-982
8713,5549
8714,5632
8715,6049
8716,5383
8717,5549
8718,5716
8719,5716
8720,5799
8721,4549
8722,4966
8723,4966
8724,5133
8725,5383
8726,5799
8727,4466
8728,4966
8729,5549
8730,5799
8731,6382
8732,6049
8733,6299
8734,6154
8735,-982
8736,4549
8737,4549
8738,4883
8739,5049
8740,5383
8741,5549
8742,6132
8743,4466
8744,4549
8745,101
8746,267
8747,351
8748,-316
8749,684
8750,684
8751,5882
8752,5216
8753,6299
8754,4799
8755,-66
8756,4549
8757,-982
8758,-233
8759,6382
8760,-732
8761,4466
8762,228
8763,-816
8764,517
8765,-566
8766,-5757
8767,5299
8768,101
8769,267
8770,351
8771,684
8772,-732
8773,5716
8774,6132
8775,-149
8776,-66
8777,-649
8778,4966
8779,-649
8780,-233
8781,6382
8782,4383
8783,434
8784,-482
8785,-732
8786,17
8787,101
8788,6049
8789,6049
8790,-1149
8791,184
8792,-233
8793,-982
8794,4383
8795,601
8796,-482
8797,-566
8798,5049
8799,517
8800,-316
8801,684
8802,684
8803,6216
8804,6216
8805,5882
8806,5882
8807,4799
8808,5632
8809,5632
8810,5966
8811,-649
8812,456
8813,456
8814,184
8815,17
8816,6154
8817,434
8818,-732
8819,-566
8820,267
8821,5216
8822,-399
8823,-149
8824,5632
8825,5466
8826,5466
8827,5466
8828,184
8829,184
8830,-233
8831,184
8832,-816
8833,-816
8834,17
8835,5299
8836,-566
8837,5299
8838,-1066
8839,267
8840,351
8841,684
8842,5632
8843,4966
8844,-1149
8845,-982
8846,601
8847,601
8848,434
8849,517
8850,6132
8851,267
8852,5383
8853,5799
8854,5632
8855,6382
8856,4549
8857,184
8858,-233
8859,-482
8860,-732
8861,-732
8862,434
8863,5632
8864,5049
8865,5049
8866,-5779
8867,4966
8868,4466
8869,4466
8870,4549
8871,5049
8872,4716
8873,6049
8874,5466
8875,5632
8876,5716
8877,5882
8878,6049
8879,5299
8880,5383
8881,5549
8882,5882
8883,5966
8884,5966
8885,4799
8886,4883
8887,351
8888,228
8889,4716
8890,4716
8891,4883
8892,5299
8893,5632
8894,5632
8895,-816
8896,5716
8897,5966
8898,6382
8899,5049
8900,5466
8901,5716
8902,6216
8903,-1149
8904,4799
8905,5466
8906,5882
8907,4466
8908,4966
8909,5299
8910,6132
8911,6382
8912,4383
8913,4300
8914,4466
8915,4466
8916,4716
8917,4883
8918,6216
8919,6216
8920,4883
8921,5133
8922,5133
8923,5716
8924,5716
8925,267
8926,351
8927,5549
8928,5549
8929,5383
8930,4633
8931,-399
8932,5799
8933,-149
8934,5966
8935,4966
8936,-982
8937,6382
8938,434
8939,4466
8940,17
8941,-482
8942,101
8943,101
8944,267
8945,4633
8946,5216
8947,4799
8948,5632
8949,5966
8950,5466
8951,-982
8952,4466
8953,5049
8954,-899
8955,684
8956,684
8957,6216
8958,4633
8959,-399
8960,4383
8961,4466
8962,228
8963,228
8964,-732
8965,5299
8966,4716
8967,-899
8968,-899
8969,6216
8970,5549
8971,5549
8972,5882
8973,5216
8974,5799
8975,-149
8976,6299
8977,4799
8978,-66
8979,5966
8980,4300
8981,-816
8982,-816
8983,4716
8984,5049
8985,5049
8986,5133
8987,267
8988,5549
8989,5632
8990,5466
8991,-233
8992,4300
8993,-233
8994,-233
8995,17
8996,601
8997,-816
8998,-566
8999,351
9000,-316
9001,6216
9002,6049
9003,-399
9004,-399
9005,-399
9006,-149
9007,5966
9008,6382
9009,4383
9010,-982
9011,-982
9012,-816
9013,-566
9014,-566
9015,5299
9016,0
9017,101
9018,6132
9019,-316
9020,-316
9021,-316
9022,-399
9023,-149
9024,5632
9025,5466
9026,-1149
9027,184
9028,4466
9029,5299
9030,-899
9031,-899
9032,351
9033,684
9034,684
9035,684
9036,-5924
9037,4883
9038,4799
9039,-66
9040,5632
9041,4966
9042,5466
9043,4549
9044,601
9045,4466
9046,17
9047,6154
9048,-566
9049,5632
9050,4966
9051,-68127
9052,5383
9053,5966
9054,184
9055,4716
9056,5133
9057,5216
9058,5882
9059,6216
9060,5549
9061,6132
9062,-1066
9063,4466
9064,4716
9065,5049
9066,5383
9067,5383
9068,4383
9069,4883
9070,4966
9071,5466
9072,6049
9073,6216
9074,5799
9075,5882
9076,6154
9077,6154
9078,6132
9079,267
9080,4883
9081,5882
9082,5882
9083,6049
9084,4466
9085,4883
9086,5926
9087,5926
9088,4466
9089,4549
9090,4466
9091,4633
9092,4883
9093,5549
9094,5799
9095,5133
9096,5133
9097,5716
9098,101
9099,-899
9100,-899
9101,-1066
9102,267
9103,351
9104,351
9105,4633
9106,6049
9107,6049
9108,5882
9109,-149
9110,5632
9111,4383
9112,-982
9113,17
9114,601
9115,517
9116,5133
9117,5716
9118,-899
9119,684
9120,4883
9121,6299
9122,5466
9123,4300
9124,4549
9125,-982
9126,601
9127,-732
9128,17
9129,6154
9130,-566
9131,517
9132,5716
9133,267
9134,351
9135,-316
9136,5882
9137,-399
9138,-399
9139,5799
9140,4799
9141,-1149
9142,5466
9143,-649
9144,184
9145,-982
9146,-732
9147,-816
9148,4716
9149,-899
9150,6132
9151,351
9152,5383
9153,-66
9154,-5674
9155,-649
9156,184
9157,-732
9158,-732
9159,267
9160,351
9161,5926
9162,4633
9163,6049
9164,5882
9165,-399
9166,5632
9167,184
9168,4300
9169,-982
9170,-233
9171,-816
9172,-566
9173,517
9174,5133
9175,101
9176,684
9177,684
9178,5549
9179,5383
9180,5882
9181,5966
9182,-649
9183,4300
9184,17
9185,434
9186,517
9187,5049
9188,0
9189,101
9190,5926
9191,6049
9192,5882
9193,5216
9194,-149
9195,5632
9196,4383
9197,4300
9198,4383
9199,-816
9200,434
9201,17
9202,5049
9203,101
9204,-899
9205,267
9206,5799
9207,5799
9208,5966
9209,4383
9210,184
9211,434
9212,601
9213,-566
9214,-66
9215,6132
9216,4383
9217,4549
9218,4799
9219,4466
9220,5466
9221,5549
9222,-1066
9223,5632
9224,5133
9225,5466
9226,5716
9227,5882
9228,6049
9229,5383
9230,5966
9231,6132
9232,6216
9233,-1149
9234,4549
9235,4799
9236,4883
9237,5049
9238,4716
9239,4799
9240,4883
9241,5299
9242,5299
9243,5549
9244,5049
9245,5466
9246,5466
9247,5716
9248,5966
9249,6049
9250,-482
9251,5299
9252,5549
9253,5799
9254,5799
9255,5466
9256,684
9257,4466
9258,4633
9259,5383
9260,5549
9261,5799
9262,6132
9263,684
9264,-316
9265,4549
9266,4633
9267,4716
9268,5049
9269,5216
9270,5383
9271,5966
9272,517
9273,4466
9274,5049
9275,101
9276,-316
9277,684
9278,6216
9279,-649
9280,6382
9281,4466
9282,5299
9283,5133
9284,5383
9285,5383
9286,6299
9287,5966
9288,5466
9289,5466
9290,-982
9291,456
9292,-482
9293,517
9294,4716
9295,101
9296,-899
9297,-899
9298,267
9299,6216
9300,6216
9301,-149
9302,-149
9303,-66
9304,-66
9305,5966
9306,4966
9307,-982
9308,17
9309,434
9310,434
9311,17
9312,5049
9313,4716
9314,5716
9315,6132
9316,6132
9317,6132
9318,-1066
9319,351
9320,684
9321,6216
9322,-399
9323,4799
9324,-66
9325,-233
9326,434
9327,434
9328,-566
9329,6132
9330,267
9331,684
9332,684
9333,5549
9334,-149
9335,-649
9336,4966
9337,-69495
9338,-649
9339,184
9340,17
9341,5299
9342,5299
9343,-566
9344,-899
9345,267
9346,267
9347,-316
9348,684
9349,684
9350,4633
9351,5216
9352,5799
9353,-233
9354,17
9355,-566
9356,5716
9357,4633
9358,-649
9359,-1149
9360,-732
9361,517
9362,351
9363,4633
9364,6049
9365,5882
9366,-399
9367,4966
9368,-1149
9369,4549
9370,-816
9371,-482
9372,6154
9373,4716
9374,4716
9375,5049
9376,517
9377,6154
9378,5882
9379,4633
9380,6132
9381,5216
9382,5716
9383,6049
9384,5549
9385,5882
9386,6132
9387,6216
9388,-1149
9389,-399
9390,4549
9391,4883
9392,4883
9393,5049
9394,5216
9395,601
9396,5133
9397,5549
9398,4383
9399,4883
9400,5632
9401,5716
9402,5966
9403,5966
9404,6382
9405,6382
9406,228
9407,5133
9408,5716
9409,4549
9410,5466
9411,5632
9412,5716
9413,5882
9414,456
9415,4383
9416,5133
9417,5549
9418,5549
9419,5716
9420,5799
9421,6049
9422,6216
9423,5966
9424,5966
9425,6216
9426,6216
9427,6154
9428,-482
9429,4549
9430,5466
9431,5716
9432,6132
9433,6299
9434,373
9435,289
9436,456
9437,0
9438,7127
9439,7127
9440,1012
9441,289
9442,1262
9443,456
9444,456
9445,1368
9446,-404
9447,456
9448,228
9449,929
9450,456
9451,456
9452,1346
9453,7127
9454,7044
9455,289
9456,1368
9457,7127
9458,7294
9459,7044
9460,7127
9461,7211
9462,1368
9463,7044
9464,289
9465,7127
9466,289
9467,1512
9468,7044
9469,-11083
9470,1368
9471,456
9472,96
9473,7044
9474,7127
9475,7044
9476,7044
9477,7127
9478,7127
9479,1368
9480,1140
9481,7127
9482,289
9483,513
9484,-154
9485,456
9486,456
9487,456
9488,7294
9489,7044
9490,1140
9491,-10999
9492,373
9493,1096
9494,456
9495,1368
9496,762
9497,456
9498,456
9499,7044
9500,7127
9501,-11083
9502,456
9503,1140
9504,7294
9505,0
9506,1596
9507,373
9508,179
9509,7127
9510,456
9511,7127
9512,1368
9513,263
9514,373
9515,7211
9516,7294
9517,7044
9518,1368
9519,346
9520,456
9521,456
9522,228
9523,7294
9524,-320
9525,456
9526,-10999
9527,7044
9528,7044
9529,228
9530,7211
9531,-10999
9532,7211
9533,13
9534,228
9535,-11083
9536,289
9537,228
9538,7127
9539,7127
9540,1368
9541,-237
9542,456
9543,289
9544,7044
9545,456
9546,7127
9547,7044
9548,1368
9549,456
9550,1140
9551,373
9552,0
9553,-17838
9554,596
9555,7294
9556,-11083
9557,7044
9558,1140
9559,7294
9560,456
9561,7211
9562,-11083
9563,456
9564,228
9565,7211
9566,7044
9567,0
9568,7044
9569,7211
9570,7127
9571,7127
9572,7127
9573,1368
9574,456
9575,679
9576,373
9577,289
9578,7127
9579,456
9580,7127
9581,1429
9582,456
9583,7211
9584,373
9585,456
9586,7294
9587,7044
9588,-71
9589,228
9590,456
9591,-10999
9592,7211
9593,7127
9594,7211
9595,-10999
9596,7127
9597,7044
9598,1368
9599,7044
9600,429
9601,289
9602,846
9603,228
9604,7127
9605,0
9606,1179
9607,289
9608,-10999
9609,7127
9610,7044
9611,456
9612,289
9613,7044
9614,7044
9615,429
